Workbook

Sheet Task1-1 cleaned
A1: Post ID | B1: Platform | C1: Date | D1: Content Type | E1: Post Text | F1: Likes | G1: Shares | H1: Comments | I1: Impressions | J1: Reach | K1: Clicks | L1: Hashtags Used
A2: P001 | B2: Twitter | C2: 45649 | D2: Reel | E2: Check out our latest reel on twitter! | F2: 1461 | G2: 184 | H2: 344 | I2: 21915 | J2: 21675 | K2: 15 | L2: #LiveForNow | M2: #AnytimeIsPepsiTime
A3: P002 | B3: Twitter | C3: 45750 | D3: Text | E3: Check out our latest text on twitter! | F3: 4054 | G3: 389 | H3: 493 | I3: 64864 | J3: 64383 | K3: 117 | L3: #PepsiCoRefresh | M3: #BetterWithPepsi
A4: P003 | B4: YouTube | C4: 45789 | D4: Reel | E4: Check out our latest reel on youtube! | F4: 2795 | G4: 105 | H4: 49 | I4: 53105 | J4: 52307 | K4: 204 | L4: #PepsiCoRefresh
A5: P004 | B5: Instagram | C5: 45516 | D5: Story | E5: Check out our latest story on instagram! | F5: 2404 | G5: 363 | H5: 138 | I5: 19232 | J5: 18636 | K5: 128 | L5: #ThirstyForMore
A6: P005 | B6: YouTube | C6: 45469 | D6: Reel | E6: Check out our latest reel on youtube! | F6: 3557 | G6: 687 | H6: 424 | I6: 71140 | J6: 70701 | K6: 224 | L6: #ThirstyForMore | M6: #PepsiCoRefresh
A7: P006 | B7: Facebook | C7: 45596 | D7: Carousel | E7: Check out our latest carousel on facebook! | F7: 2945 | G7: 930 | H7: 355 | I7: 23560 | J7: 23275 | K7: 256 | L7: #PepsiCoRefresh
A8: P007 | B8: Twitter | C8: 45467 | D8: Carousel | E8: Check out our latest carousel on twitter! | F8: 3860 | G8: 201 | H8: 279 | I8: 61760 | J8: 61660 | K8: 235 | L8: #PepsiCoRefresh
A9: P008 | B9: YouTube | C9: 45486 | D9: Image | E9: Check out our latest image on youtube! | F9: 3929 | G9: 262 | H9: 278 | I9: 43219 | J9: 42841 | K9: 39 | L9: #ThirstyForMore
A10: P009 | B10: Facebook | C10: 45534 | D10: Text | E10: Check out our latest text on facebook! | F10: 3784 | G10: 808 | H10: 404 | I10: 56760 | J10: 56343 | K10: 131 | L10: #PepsiCoRefresh
A11: P010 | B11: Facebook | C11: 45727 | D11: Image | E11: Check out our latest image on facebook! | F11: 4241 | G11: 902 | H11: 47 | I11: 72097 | J11: 71598 | K11: 167 | L11: #PepsiCoRefresh
A12: P011 | B12: Instagram | C12: 45690 | D12: Story | E12: Check out our latest story on instagram! | F12: 1792 | G12: 614 | H12: 497 | I12: 25088 | J12: 24675 | K12: 65 | L12: #LiveForNow
A13: P012 | B13: Facebook | C13: 45494 | D13: Reel | E13: Check out our latest reel on facebook! | F13: 1946 | G13: 686 | H13: 377 | I13: 23352 | J13: 22982 | K13: 213 | L13: #LiveForNow
A14: P013 | B14: YouTube | C14: 45614 | D14: Carousel | E14: Check out our latest carousel on youtube! | F14: 1171 | G14: 286 | H14: 231 | I14: 22249 | J14: 21282 | K14: 114 | L14: #ThirstyForMore
A15: P014 | B15: Facebook | C15: 45704 | D15: Story | E15: Check out our latest story on facebook! | F15: 4242 | G15: 555 | H15: 131 | I15: 33936 | J15: 33802 | K15: 265 | L15: #LiveForNow
A16: P015 | B16: Facebook | C16: 45589 | D16: Video | E16: Check out our latest video on facebook! | F16: 3888 | G16: 604 | H16: 128 | I16: 77760 | J16: 77167 | K16: 20 | L16: #LiveForNow
A17: P016 | B17: Facebook | C17: 45530 | D17: Text | E17: Check out our latest text on facebook! | F17: 3452 | G17: 377 | H17: 360 | I17: 55232 | J17: 55075 | K17: 87 | L17: #LiveForNow
A18: P017 | B18: Facebook | C18: 45782 | D18: Text | E18: Check out our latest text on facebook! | F18: 4441 | G18: 511 | H18: 70 | I18: 53292 | J18: 53082 | K18: 159 | L18: #ThirstyForMore
... A23: P022 | B23: Facebook | C23: 45715 | D23: Text | E23: Check out our latest text on facebook! | F23: 1570 | G23: 187 | H23: 260 | I23: 25120 | J23: 24613 | K23: 133 | L23: #PepsiCoRefresh
A24: P023 | B24: Facebook | C24: 45602 | D24: Video | E24: Check out our latest video on facebook! | F24: 1606 | G24: 547 | H24: 316 | I24: 32120 | J24: 31736 | K24: 225 | L24: #PepsiCoRefresh | M24: #AnytimeIsPepsiTime
A25: P024 | B25: Facebook | C25: 45680 | D25: Video | E25: Check out our latest video on facebook! | F25: 3961 | G25: 761 | H25: 131 | I25: 67337 | J25: 66615 | K25: 161 | L25: #LiveForNow
A26: P025 | B26: Twitter | C26: 45757 | D26: Carousel | E26: Check out our latest carousel on twitter! | F26: 3128 | G26: 211 | H26: 197 | I26: 59432 | J26: 59182 | K26: 238 | L26: #ThirstyForMore
A27: P026 | B27: YouTube | C27: 45752 | D27: Reel | E27: Check out our latest reel on youtube! | F27: 3009 | G27: 413 | H27: 358 | I27: 42126 | J27: 41309 | K27: 211 | L27: #LiveForNow
A28: P027 | B28: YouTube | C28: 45552 | D28: Text | E28: Check out our latest text on youtube! | F28: 2076 | G28: 195 | H28: 104 | I28: 33216 | J28: 32244 | K28: 51 | L28: #LiveForNow
A29: P028 | B29: Instagram | C29: 45720 | D29: Video | E29: Check out our latest video on instagram! | F29: 432 | G29: 624 | H29: 123 | I29: 6912 | J29: 6259 | K29: 79 | L29: #LiveForNow
A30: P029 | B30: Instagram | C30: 45688 | D30: Carousel | E30: Check out our latest carousel on instagram! | F30: 2566 | G30: 118 | H30: 37 | I30: 12830 | J30: 12264 | K30: 221 | L30: #LiveForNow
A31: P030 | B31: Instagram | C31: 45713 | D31: Video | E31: Check out our latest video on instagram! | F31: 3095 | G31: 39 | H31: 78 | I31: 55710 | J31: 54808 | K31: 93 | L31: #ThirstyForMore
A32: P031 | B32: Instagram | C32: 45642 | D32: Text | E32: Check out our latest text on instagram! | F32: 438 | G32: 153 | H32: 275 | I32: 3066 | J32: 2701 | K32: 282 | L32: #PepsiCoRefresh
A33: P032 | B33: Twitter | C33: 45504 | D33: Carousel | E33: Check out our latest carousel on twitter! | F33: 2278 | G33: 10 | H33: 321 | I33: 13668 | J33: 12676 | K33: 275 | L33: #ThirstyForMore
A34: P033 | B34: Facebook | C34: 45525 | D34: Image | E34: Check out our latest image on facebook! | F34: 1407 | G34: 400 | H34: 351 | I34: 16884 | J34: 15954 | K34: 113 | L34: #PepsiCoRefresh
A35: P034 | B35: Facebook | C35: 45742 | D35: Text | E35: Check out our latest text on facebook! | F35: 1652 | G35: 89 | H35: 357 | I35: 29736 | J35: 28771 | K35: 215 | L35: #PepsiCoRefresh
A36: P035 | B36: Instagram | C36: 45626 | D36: Video | E36: Check out our latest video on instagram! | F36: 3775 | G36: 16 | H36: 239 | I36: 33975 | J36: 33310 | K36: 271 | L36: #LiveForNow
... A53: P052 | B53: Facebook | C53: 45660 | D53: Image | E53: Check out our latest image on facebook! | F53: 947 | G53: 338 | H53: 350 | I53: 10417 | J53: 9730 | K53: 34 | L53: #PepsiCoRefresh
A54: P053 | B54: YouTube | C54: 45712 | D54: Carousel | E54: Check out our latest carousel on youtube! | F54: 804 | G54: 639 | H54: 43 | I54: 4020 | J54: 3144 | K54: 11 | L54: #ThirstyForMore | M54: #BetterWithPepsi
A55: P054 | B55: YouTube | C55: 45729 | D55: Carousel | E55: Check out our latest carousel on youtube! | F55: 1686 | G55: 904 | H55: 472 | I55: 18546 | J55: 18171 | K55: 52 | L55: #LiveForNow
A56: P055 | B56: Facebook | C56: 45460 | D56: Image | E56: Check out our latest image on facebook! | F56: 1226 | G56: 119 | H56: 7 | I56: 14712 | J56: 14049 | K56: 123 | L56: #ThirstyForMore
A57: P056 | B57: Facebook | C57: 45644 | D57: Carousel | E57: Check out our latest carousel on facebook! | F57: 2946 | G57: 498 | H57: 367 | I57: 29460 | J57: 28527 | K57: 60 | L57: #LiveForNow
A58: P057 | B58: Twitter | C58: 45586 | D58: Video | E58: Check out our latest video on twitter! | F58: 2825 | G58: 535 | H58: 295 | I58: 45200 | J58: 44739 | K58: 169 | L58: #PepsiCoRefresh
A59: P058 | B59: Instagram | C59: 45762 | D59: Reel | E59: Check out our latest reel on instagram! | F59: 103 | G59: 770 | H59: 19 | I59: 1030 | J59: 410 | K59: 262 | L59: #PepsiCoRefresh
A60: P059 | B60: Instagram | C60: 45465 | D60: Text | E60: Check out our latest text on instagram! | F60: 2180 | G60: 263 | H60: 387 | I60: 30520 | J60: 30059 | K60: 174 | L60: #ThirstyForMore
A61: P060 | B61: Instagram | C61: 45685 | D61: Video | E61: Check out our latest video on instagram! | F61: 904 | G61: 973 | H61: 63 | I61: 11752 | J61: 11580 | K61: 84 | L61: #ThirstyForMore | M61: #PepsiCoRefresh | N61: #AnytimeIsPepsiTime
A62: P061 | B62: Twitter | C62: 45540 | D62: Video | E62: Check out our latest video on twitter! | F62: 4886 | G62: 983 | H62: 409 | I62: 43974 | J62: 43239 | K62: 65 | L62: #PepsiCoRefresh
A63: P062 | B63: Twitter | C63: 45618 | D63: Carousel | E63: Check out our latest carousel on twitter! | F63: 53 | G63: 81 | H63: 379 | I63: 954 | J63: 7 | K63: 148 | L63: #PepsiCoRefresh
A64: P063 | B64: Twitter | C64: 45504 | D64: Carousel | E64: Check out our latest carousel on twitter! | F64: 4507 | G64: 217 | H64: 13 | I64: 90140 | J64: 89591 | K64: 125 | L64: #LiveForNow
A65: P064 | B65: Facebook | C65: 45521 | D65: Image | E65: Check out our latest image on facebook! | F65: 2878 | G65: 248 | H65: 416 | I65: 43170 | J65: 42667 | K65: 75 | L65: #LiveForNow
A66: P065 | B66: Instagram | C66: 45744 | D66: Story | E66: Check out our latest story on instagram! | F66: 1881 | G66: 501 | H66: 99 | I66: 20691 | J66: 19987 | K66: 289 | L66: #ThirstyForMore
A67: P066 | B67: Twitter | C67: 45499 | D67: Carousel | E67: Check out our latest carousel on twitter! | F67: 432 | G67: 171 | H67: 280 | I67: 3024 | J67: 2285 | K67: 184 | L67: #ThirstyForMore
A68: P067 | B68: Facebook | C68: 45745 | D68: Carousel | E68: Check out our latest carousel on facebook! | F68: 4712 | G68: 568 | H68: 127 | I68: 84816 | J68: 84691 | K68: 100 | L68: #ThirstyForMore
A69: P068 | B69: Instagram | C69: 45634 | D69: Story | E69: Check out our latest story on instagram! | F69: 2610 | G69: 126 | H69: 288 | I69: 15660 | J69: 15145 | K69: 73 | L69: #ThirstyForMore
A70: P069 | B70: Twitter | C70: 45724 | D70: Text | E70: Check out our latest text on twitter! | F70: 1292 | G70: 626 | H70: 496 | I70: 25840 | J70: 24916 | K70: 149 | L70: #LiveForNow
A71: P070 | B71: Facebook | C71: 45749 | D71: Video | E71: Check out our latest video on facebook! | F71: 199 | G71: 772 | H71: 400 | I71: 3582 | J71: 2988 | K71: 43 | L71: #PepsiCoRefresh
A72: P071 | B72: YouTube | C72: 45537 | D72: Carousel | E72: Check out our latest carousel on youtube! | F72: 2551 | G72: 915 | H72: 205 | I72: 30612 | J72: 30360 | K72: 227 | L72: #PepsiCoRefresh
A73: P072 | B73: YouTube | C73: 45719 | D73: Reel | E73: Check out our latest reel on youtube! | F73: 296 | G73: 60 | H73: 141 | I73: 5624 | J73: 5239 | K73: 88 | L73: #ThirstyForMore
... A82: P081 | B82: Instagram | C82: 45584 | D82: Story | E82: Check out our latest story on instagram! | F82: 1816 | G82: 29 | H82: 41 | I82: 19976 | J82: 19262 | K82: 283 | L82: #PepsiCoRefresh
A83: P082 | B83: Instagram | C83: 45497 | D83: Image | E83: Check out our latest image on instagram! | F83: 725 | G83: 88 | H83: 428 | I83: 14500 | J83: 13637 | K83: 200 | L83: #LiveForNow | M83: #PepsiCoRefresh | N83: #AnytimeIsPepsiTime
A84: P083 | B84: YouTube | C84: 45580 | D84: Video | E84: Check out our latest video on youtube! | F84: 1094 | G84: 472 | H84: 21 | I84: 9846 | J84: 9609 | K84: 112 | L84: #ThirstyForMore
A85: P084 | B85: Facebook | C85: 45635 | D85: Image | E85: Check out our latest image on facebook! | F85: 1841 | G85: 851 | H85: 342 | I85: 34979 | J85: 34154 | K85: 255 | L85: #LiveForNow
A86: P085 | B86: Instagram | C86: 45766 | D86: Image | E86: Check out our latest image on instagram! | F86: 4177 | G86: 569 | H86: 55 | I86: 25062 | J86: 24847 | K86: 230 | L86: #LiveForNow
A87: P086 | B87: YouTube | C87: 45684 | D87: Text | E87: Check out our latest text on youtube! | F87: 3428 | G87: 305 | H87: 85 | I87: 58276 | J87: 58052 | K87: 242 | L87: #ThirstyForMore | M87: #BetterWithPepsi
A88: P087 | B88: Twitter | C88: 45449 | D88: Video | E88: Check out our latest video on twitter! | F88: 1436 | G88: 765 | H88: 496 | I88: 12924 | J88: 12701 | K88: 197 | L88: #LiveForNow
A89: P088 | B89: Facebook | C89: 45480 | D89: Story | E89: Check out our latest story on facebook! | F89: 302 | G89: 47 | H89: 430 | I89: 5738 | J89: 4890 | K89: 25 | L89: #PepsiCoRefresh
A90: P089 | B90: Twitter | C90: 45667 | D90: Image | E90: Check out our latest image on twitter! | F90: 2214 | G90: 249 | H90: 152 | I90: 15498 | J90: 14800 | K90: 180 | L90: #ThirstyForMore
A91: P090 | B91: Instagram | C91: 45446 | D91: Image | E91: Check out our latest image on instagram! | F91: 3861 | G91: 960 | H91: 101 | I91: 69498 | J91: 68817 | K91: 297 | L91: #PepsiCoRefresh
A92: P091 | B92: Facebook | C92: 45740 | D92: Image | E92: Check out our latest image on facebook! | F92: 1263 | G92: 397 | H92: 357 | I92: 25260 | J92: 24615 | K92: 137 | L92: #ThirstyForMore
A93: P092 | B93: Twitter | C93: 45586 | D93: Story | E93: Check out our latest story on twitter! | F93: 3801 | G93: 967 | H93: 401 | I93: 38010 | J93: 37625 | K93: 236 | L93: #LiveForNow
A94: P093 | B94: Instagram | C94: 45637 | D94: Video | E94: Check out our latest video on instagram! | F94: 1431 | G94: 951 | H94: 26 | I94: 8586 | J94: 8396 | K94: 150 | L94: #ThirstyForMore
A95: P094 | B95: Instagram | C95: 45603 | D95: Image | E95: Check out our latest image on instagram! | F95: 2647 | G95: 304 | H95: 170 | I95: 18529 | J95: 17841 | K95: 46 | L95: #LiveForNow
A96: P095 | B96: Instagram | C96: 45604 | D96: Text | E96: Check out our latest text on instagram! | F96: 3182 | G96: 559 | H96: 160 | I96: 57276 | J96: 56890 | K96: 163 | L96: #LiveForNow
A97: P096 | B97: Twitter | C97: 45545 | D97: Image | E97: Check out our latest image on twitter! | F97: 1238 | G97: 366 | H97: 444 | I97: 19808 | J97: 19334 | K97: 123 | L97: #LiveForNow
A98: P097 | B98: Instagram | C98: 45517 | D98: Image | E98: Check out our latest image on instagram! | F98: 4739 | G98: 527 | H98: 135 | I98: 61607 | J98: 61333 | K98: 36 | L98: #PepsiCoRefresh | M98: #AnytimeIsPepsiTime
A99: P098 | B99: Twitter | C99: 45453 | D99: Story | E99: Check out our latest story on twitter! | F99: 1575 | G99: 771 | H99: 486 | I99: 25200 | J99: 24826 | K99: 17 | L99: #LiveForNow
A100: P099 | B100: YouTube | C100: 45475 | D100: Carousel | E100: Check out our latest carousel on youtube! | F100: 4171 | G100: 548 | H100: 86 | I100: 66736 | J100: 66634 | K100: 173 | L100: #LiveForNow
A101: P100 | B101: YouTube | C101: 45698 | D101: Video | E101: Check out our latest video on youtube! | F101: 1766 | G101: 92 | H101: 424 | I101: 24724 | J101: 24333 | K101: 52 | L101: #ThirstyForMore
A102: P101 | B102: YouTube | C102: 45583 | D102: Video | E102: Check out our latest video on youtube! | F102: 4450 | G102: 983 | H102: 143 | I102: 75650 | J102: 75008 | K102: 12 | L102: #LiveForNow
A103: P102 | B103: Twitter | C103: 45553 | D103: Reel | E103: Check out our latest reel on twitter! | F103: 1000 | G103: 978 | H103: 162 | I103: 6000 | J103: 5221 | K103: 223 | L103: #ThirstyForMore
A104: P103 | B104: Facebook | C104: 45454 | D104: Image | E104: Check out our latest image on facebook! | F104: 3689 | G104: 48 | H104: 306 | I104: 40579 | J104: 39588 | K104: 212 | L104: #ThirstyForMore
A105: P104 | B105: YouTube | C105: 45739 | D105: Story | E105: Check out our latest story on youtube! | F105: 3655 | G105: 568 | H105: 286 | I105: 32895 | J105: 32015 | K105: 199 | L105: #PepsiCoRefresh
A106: P105 | B106: Instagram | C106: 45457 | D106: Carousel | E106: Check out our latest carousel on instagram! | F106: 498 | G106: 38 | H106: 42 | I106: 4482 | J106: 3647 | K106: 32 | L106: #LiveForNow
A107: P106 | B107: Instagram | C107: 45692 | D107: Image | E107: Check out our latest image on instagram! | F107: 4619 | G107: 821 | H107: 499 | I107: 69285 | J107: 69141 | K107: 298 | L107: #PepsiCoRefresh
A108: P107 | B108: YouTube | C108: 45464 | D108: Image | E108: Check out our latest image on youtube! | F108: 4832 | G108: 893 | H108: 10 | I108: 91808 | J108: 91296 | K108: 182 | L108: #PepsiCoRefresh
A109: P108 | B109: Twitter | C109: 45741 | D109: Video | E109: Check out our latest video on twitter! | F109: 4050 | G109: 871 | H109: 347 | I109: 52650 | J109: 51755 | K109: 209 | L109: #PepsiCoRefresh
A110: P109 | B110: Twitter | C110: 45512 | D110: Story | E110: Check out our latest story on twitter! | F110: 3649 | G110: 215 | H110: 413 | I110: 25543 | J110: 24963 | K110: 167 | L110: #LiveForNow
... A115: P114 | B115: Twitter | C115: 45610 | D115: Story | E115: Check out our latest story on twitter! | F115: 4000 | G115: 689 | H115: 488 | I115: 40000 | J115: 39569 | K115: 44 | L115: #LiveForNow
A116: P115 | B116: Twitter | C116: 45788 | D116: Image | E116: Check out our latest image on twitter! | F116: 2493 | G116: 97 | H116: 44 | I116: 42381 | J116: 41991 | K116: 242 | L116: #PepsiCoRefresh | M116: #AnytimeIsPepsiTime
A117: P116 | B117: YouTube | C117: 45734 | D117: Reel | E117: Check out our latest reel on youtube! | F117: 3704 | G117: 186 | H117: 458 | I117: 25928 | J117: 25081 | K117: 131 | L117: #PepsiCoRefresh
A118: P117 | B118: Twitter | C118: 45600 | D118: Image | E118: Check out our latest image on twitter! | F118: 1606 | G118: 451 | H118: 405 | I118: 20878 | J118: 20190 | K118: 219 | L118: #ThirstyForMore
A119: P118 | B119: Facebook | C119: 45600 | D119: Image | E119: Check out our latest image on facebook! | F119: 4551 | G119: 714 | H119: 207 | I119: 68265 | J119: 67754 | K119: 57 | L119: #LiveForNow
A120: P119 | B120: Instagram | C120: 45695 | D120: Reel | E120: Check out our latest reel on instagram! | F120: 1970 | G120: 675 | H120: 478 | I120: 9850 | J120: 8924 | K120: 117 | L120: #LiveForNow
A121: P120 | B121: Facebook | C121: 45586 | D121: Story | E121: Check out our latest story on facebook! | F121: 780 | G121: 928 | H121: 301 | I121: 8580 | J121: 8081 | K121: 91 | L121: #ThirstyForMore
A122: P121 | B122: Instagram | C122: 45502 | D122: Story | E122: Check out our latest story on instagram! | F122: 498 | G122: 701 | H122: 412 | I122: 4980 | J122: 4185 | K122: 185 | L122: #LiveForNow
A123: P122 | B123: Instagram | C123: 45567 | D123: Text | E123: Check out our latest text on instagram! | F123: 3432 | G123: 869 | H123: 123 | I123: 54912 | J123: 53916 | K123: 264 | L123: #ThirstyForMore
A124: P123 | B124: Instagram | C124: 45457 | D124: Story | E124: Check out our latest story on instagram! | F124: 4363 | G124: 649 | H124: 140 | I124: 21815 | J124: 21481 | K124: 157 | L124: #ThirstyForMore
A125: P124 | B125: YouTube | C125: 45753 | D125: Carousel | E125: Check out our latest carousel on youtube! | F125: 736 | G125: 771 | H125: 225 | I125: 5152 | J125: 4706 | K125: 19 | L125: #ThirstyForMore
A126: P125 | B126: Twitter | C126: 45543 | D126: Carousel | E126: Check out our latest carousel on twitter! | F126: 3811 | G126: 866 | H126: 216 | I126: 34299 | J126: 34088 | K126: 233 | L126: #PepsiCoRefresh
A127: P126 | B127: Instagram | C127: 45744 | D127: Carousel | E127: Check out our latest carousel on instagram! | F127: 4158 | G127: 167 | H127: 241 | I127: 45738 | J127: 45183 | K127: 142 | L127: #LiveForNow
A128: P127 | B128: Facebook | C128: 45684 | D128: Reel | E128: Check out our latest reel on facebook! | F128: 3452 | G128: 652 | H128: 442 | I128: 65588 | J128: 65049 | K128: 158 | L128: #LiveForNow
... A140: P139 | B140: YouTube | C140: 45594 | D140: Text | E140: Check out our latest text on youtube! | F140: 2746 | G140: 156 | H140: 203 | I140: 32952 | J140: 32147 | K140: 147 | L140: #ThirstyForMore
A141: P140 | B141: Facebook | C141: 45488 | D141: Image | E141: Check out our latest image on facebook! | F141: 2291 | G141: 78 | H141: 485 | I141: 18328 | J141: 18101 | K141: 10 | L141: #ThirstyForMore | M141: #SmoothLikeNitroPepsi
A142: P141 | B142: Twitter | C142: 45535 | D142: Image | E142: Check out our latest image on twitter! | F142: 3170 | G142: 857 | H142: 379 | I142: 19020 | J142: 18559 | K142: 240 | L142: #LiveForNow
A143: P142 | B143: YouTube | C143: 45741 | D143: Story | E143: Check out our latest story on youtube! | F143: 2070 | G143: 275 | H143: 386 | I143: 39330 | J143: 38627 | K143: 114 | L143: #LiveForNow
...

Sheet Task1-2 cleaned
A1: Week_Start_Date | B1: Platform | C1: New_Followers | D1: Unfollows | E1: Total_Followers | F1: Engagement_Rate | G1: Ad_Spend
A2: 45446 | B2: Instagram | C2: 1135 | D2: 88 | E2: 344084 | F2: 8.06 | G2: 5904
A3: 45446 | B3: Facebook | C3: 1312 | D3: 310 | E3: 42654 | F3: 4.98 | G3: 9566
A4: 45446 | B4: Twitter | C4: 584 | D4: 169 | E4: 146834 | F4: 8.31 | G4: 26752
A5: 45446 | B5: YouTube | C5: 1535 | D5: 445 | E5: 395536 | F5: 4.11 | G5: 30671
A6: 45453 | B6: Instagram | C6: 656 | D6: 139 | E6: 49157 | F6: 9.05 | G6: 9920
A7: 45453 | B7: Facebook | C7: 1697 | D7: 414 | E7: 316555 | F7: 2.37 | G7: 7924
A8: 45453 | B8: Twitter | C8: 436 | D8: 250 | E8: 254347 | F8: 4.01 | G8: 8912
A9: 45453 | B9: YouTube | C9: 1197 | D9: 203 | E9: 413878 | F9: 3.16 | G9: 21205
A10: 45460 | B10: Instagram | C10: 1048 | D10: 155 | E10: 456946 | F10: 2.46 | G10: 11329
A11: 45460 | B11: Facebook | C11: 1753 | D11: 371 | E11: 169496 | F11: 8.11 | G11: 46670
A12: 45460 | B12: Twitter | C12: 1335 | D12: 40 | E12: 122732 | F12: 8.19 | G12: 22482
A13: 45460 | B13: YouTube | C13: 403 | D13: 66 | E13: 382851 | F13: 3.49 | G13: 24313
... A201: 45789 | B201: YouTube | C201: 119 | D201: 456 | E201: 82558 | F201: 6.81 | G201: 12174

Sheet Task1-3 cleaned
A1: Campaign_Name | B1: Start_Date | C1: End_Date | D1: Objective | E1: Total_Budget | F1: Target_Platforms | G1: Primary_Hashtags
A2: SummerSplash | B2: 45458 | C2: 45488 | D2: Brand Awareness | E2: 150000 | F2: Instagram,Facebook | G2: #ThirstyForMore | H2: #PepsiCoRefresh
A3: FestiveRadiance | B3: 45566 | C3: 45596 | D3: Engagement | E3: 200000 | F3: Instagram,YouTube | G3: #AnytimeIsPepsiTime
A4: NewYearRefresh | B4: 45651 | C4: 45667 | D4: Product Launch | E4: 250000 | F4: Facebook,Twitter | G4: #SmoothLikeNitroPepsi
A5: DailyWellness | B5: 45717 | C5: 45747 | D5: Traffic | E5: 180000 | F5: Instagram,Twitter | G5: #BetterWithPepsi | H5: #LiveForNow
I21: .

Sheet Task2-1 Engagement Analysis
A1: Post ID | B1: Platform | C1: Date | D1: Content Type | E1: Post Text | F1: Likes | G1: Shares | H1: Comments | I1: Impressions | J1: Reach | K1: Clicks | L1: Hashtags Used | O1: Engagement Rate
A2: P220 | B2: Instagram | C2: 45445 | D2: Story | E2: Check out our latest story on instagram! | F2: 84 | G2: 897 | H2: 85 | I2: 588 | J2: 8 | K2: 12 | L2: #ThirstyForMore | O2: =(F2 + G2 + H2) / I2 -> 1.8129252
A3: P058 | B3: Instagram | C3: 45762 | D3: Reel | E3: Check out our latest reel on instagram! | F3: 103 | G3: 770 | H3: 19 | I3: 1030 | J3: 410 | K3: 262 | L3: #PepsiCoRefresh | O3: =(F3 + G3 + H3) / I3 -> 0.86601942
A4: P232 | B4: Twitter | C4: 45776 | D4: Story | E4: Check out our latest story on twitter! | F4: 249 | G4: 592 | H4: 230 | I4: 1494 | J4: 1044 | K4: 201 | L4: #ThirstyForMore | O4: =(F4 + G4 + H4) / I4 -> 0.71686747
A5: P178 | B5: Instagram | C5: 45603 | D5: Video | E5: Check out our latest video on instagram! | F5: 129 | G5: 643 | H5: 136 | I5: 1290 | J5: 839 | K5: 238 | L5: #PepsiCoRefresh | O5: =(F5 + G5 + H5) / I5 -> 0.70387597
A6: P175 | B6: Instagram | C6: 45674 | D6: Reel | E6: Check out our latest reel on instagram! | F6: 142 | G6: 784 | H6: 183 | I6: 1704 | J6: 995 | K6: 154 | L6: #LiveForNow | O6: =(F6 + G6 + H6) / I6 -> 0.6508216
A7: P062 | B7: Twitter | C7: 45618 | D7: Carousel | E7: Check out our latest carousel on twitter! | F7: 53 | G7: 81 | H7: 379 | I7: 954 | J7: 7 | K7: 148 | L7: #PepsiCoRefresh | O7: =(F7 + G7 + H7) / I7 -> 0.53773585
A8: P264 | B8: Twitter | C8: 45687 | D8: Image | E8: Check out our latest image on twitter! | F8: 59 | G8: 163 | H8: 93 | I8: 590 | J8: 475 | K8: 293 | L8: #PepsiCoRefresh | O8: =(F8 + G8 + H8) / I8 -> 0.53389831
A9: P143 | B9: YouTube | C9: 45567 | D9: Carousel | E9: Check out our latest carousel on youtube! | F9: 80 | G9: 362 | H9: 80 | I9: 1040 | J9: 349 | K9: 117 | L9: #PepsiCoRefresh | O9: =(F9 + G9 + H9) / I9 -> 0.50192308
A10: P210 | B10: YouTube | C10: 45707 | D10: Image | E10: Check out our latest image on youtube! | F10: 257 | G10: 966 | H10: 398 | I10: 3341 | J10: 2753 | K10: 287 | L10: #LiveForNow | O10: =(F10 + G10 + H10) / I10 -> 0.48518408
A11: P070 | B11: Facebook | C11: 45749 | D11: Video | E11: Check out our latest video on facebook! | F11: 199 | G11: 772 | H11: 400 | I11: 3582 | J11: 2988 | K11: 43 | L11: #PepsiCoRefresh
A12: P214 | B12: Instagram | C12: 45649 | D12: Image | E12: Check out our latest image on instagram! | F12: 521 | G12: 746 | H12: 315 | I12: 4168 | J12: 3399 | K12: 282 | L12: #LiveForNow | O12: =(F12 + G12 + H12) / I12 -> 0.37955854
A13: P053 | B13: YouTube | C13: 45712 | D13: Carousel | E13: Check out our latest carousel on youtube! | F13: 804 | G13: 639 | H13: 43 | I13: 4020 | J13: 3144 | K13: 11 | L13: #ThirstyForMore | M13: #BetterWithPepsi | O13: =(F13 + G13 + H13) / I13 -> 0.36965174
A14: P102 | B14: Twitter | C14: 45553 | D14: Reel | E14: Check out our latest reel on twitter! | F14: 1000 | G14: 978 | H14: 162 | I14: 6000 | J14: 5221 | K14: 223 | L14: #ThirstyForMore | O14: =(F14 + G14 + H14) / I14 -> 0.35666667
A15: P124 | B15: YouTube | C15: 45753 | D15: Carousel | E15: Check out our latest carousel on youtube! | F15: 736 | G15: 771 | H15: 225 | I15: 5152 | J15: 4706 | K15: 19 | L15: #ThirstyForMore | O15: =(F15 + G15 + H15) / I15 -> 0.33618012
A16: P121 | B16: Instagram | C16: 45502 | D16: Story | E16: Check out our latest story on instagram! | F16: 498 | G16: 701 | H16: 412 | I16: 4980 | J16: 4185 | K16: 185 | L16: #LiveForNow | O16: =(F16 + G16 + H16) / I16 -> 0.32349398
A17: P224 | B17: Facebook | C17: 45790 | D17: Image | E17: Check out our latest image on facebook! | F17: 602 | G17: 594 | H17: 156 | I17: 4214 | J17: 3363 | K17: 164 | L17: #PepsiCoRefresh | O17: =(F17 + G17 + H17) / I17 -> 0.32083531
A18: P154 | B18: Instagram | C18: 45574 | D18: Carousel | E18: Check out our latest carousel on instagram! | F18: 985 | G18: 932 | H18: 287 | I18: 6895 | J18: 6757 | K18: 64 | L18: #LiveForNow | O18: =(F18 + G18 + H18) / I18 -> 0.31965192
A19: P119 | B19: Instagram | C19: 45695 | D19: Reel | E19: Check out our latest reel on instagram! | F19: 1970 | G19: 675 | H19: 478 | I19: 9850 | J19: 8924 | K19: 117 | L19: #LiveForNow | O19: =(F19 + G19 + H19) / I19 -> 0.31705584
A20: P287 | B20: Instagram | C20: 45519 | D20: Reel | E20: Check out our latest reel on instagram! | F20: 1164 | G20: 616 | H20: 324 | I20: 6984 | J20: 6636 | K20: 82 | L20: #ThirstyForMore | O20: =(F20 + G20 + H20) / I20 -> 0.30126002
A21: P204 | B21: Instagram | C21: 45658 | D21: Carousel | E21: Check out our latest carousel on instagram! | F21: 2234 | G21: 653 | H21: 432 | I21: 11170 | J21: 10569 | K21: 198 | L21: #LiveForNow | O21: =(F21 + G21 + H21) / I21 -> 0.29713518
A22: P066 | B22: Twitter | C22: 45499 | D22: Carousel | E22: Check out our latest carousel on twitter! | F22: 432 | G22: 171 | H22: 280 | I22: 3024 | J22: 2285 | K22: 184 | L22: #ThirstyForMore | O22: =(F22 + G22 + H22) / I22 -> 0.29199735
A23: P183 | B23: Instagram | C23: 45643 | D23: Story | E23: Check out our latest story on instagram! | F23: 360 | G23: 590 | H23: 393 | I23: 4680 | J23: 4322 | K23: 208 | L23: #LiveForNow | O23: =(F23 + G23 + H23) / I23 -> 0.28696581
A24: P031 | B24: Instagram | C24: 45642 | D24: Text | E24: Check out our latest text on instagram! | F24: 438 | G24: 153 | H24: 275 | I24: 3066 | J24: 2701 | K24: 282 | L24: #PepsiCoRefresh | O24: =(F24 + G24 + H24) / I24 -> 0.28245271
A25: P093 | B25: Instagram | C25: 45637 | D25: Video | E25: Check out our latest video on instagram! | F25: 1431 | G25: 951 | H25: 26 | I25: 8586 | J25: 8396 | K25: 150 | L25: #ThirstyForMore | O25: =(F25 + G25 + H25) / I25 -> 0.28045656
... A45: P159 | B45: Facebook | C45: 45621 | D45: Story | E45: Check out our latest story on facebook! | F45: 2120 | G45: 158 | H45: 488 | I45: 12720 | J45: 12085 | K45: 17 | L45: #LiveForNow | O45: =(F45 + G45 + H45) / I45 -> 0.21745283
A46: P146 | B46: YouTube | C46: 45448 | D46: Reel | E46: Check out our latest reel on youtube! | F46: 3065 | G46: 772 | H46: 142 | I46: 18390 | J46: 17875 | K46: 200 | L46: #ThirstyForMore | M46: #AnytimeIsPepsiTime | O46: =(F46 + G46 + H46) / I46 -> 0.21636759
A47: P029 | B47: Instagram | C47: 45688 | D47: Carousel | E47: Check out our latest carousel on instagram! | F47: 2566 | G47: 118 | H47: 37 | I47: 12830 | J47: 12264 | K47: 221 | L47: #LiveForNow | O47: =(F47 + G47 + H47) / I47 -> 0.21208106
A48: P137 | B48: Facebook | C48: 45504 | D48: Video | E48: Check out our latest video on facebook! | F48: 3008 | G48: 94 | H48: 37 | I48: 15040 | J48: 14639 | K48: 277 | L48: #LiveForNow | O48: =(F48 + G48 + H48) / I48 -> 0.20871011
A49: P087 | B49: Twitter | C49: 45449 | D49: Video | E49: Check out our latest video on twitter! | F49: 1436 | G49: 765 | H49: 496 | I49: 12924 | J49: 12701 | K49: 197 | L49: #LiveForNow | O49: =(F49 + G49 + H49) / I49 -> 0.20868152
A50: P271 | B50: Instagram | C50: 45582 | D50: Video | E50: Check out our latest video on instagram! | F50: 3575 | G50: 749 | H50: 111 | I50: 21450 | J50: 20785 | K50: 195 | L50: #ThirstyForMore | O50: =(F50 + G50 + H50) / I50 -> 0.20675991
A51: P077 | B51: Facebook | C51: 45720 | D51: Story | E51: Check out our latest story on facebook! | F51: 1249 | G51: 116 | H51: 420 | I51: 8743 | J51: 8538 | K51: 63 | L51: #PepsiCoRefresh | O51: =(F51 + G51 + H51) / I51 -> 0.20416333
A52: P136 | B52: Instagram | C52: 45484 | D52: Text | E52: Check out our latest text on instagram! | F52: 3134 | G52: 888 | H52: 444 | I52: 21938 | J52: 21337 | K52: 130 | L52: #ThirstyForMore | O52: =(F52 + G52 + H52) / I52 -> 0.20357371
A53: P258 | B53: Instagram | C53: 45509 | D53: Story | E53: Check out our latest story on instagram! | F53: 3601 | G53: 695 | H53: 75 | I53: 21606 | J53: 21454 | K53: 172 | L53: #ThirstyForMore | O53: =(F53 + G53 + H53) / I53 -> 0.20230492
A54: P276 | B54: Twitter | C54: 45450 | D54: Carousel | E54: Check out our latest carousel on twitter! | F54: 1556 | G54: 195 | H54: 131 | I54: 9336 | J54: 8875 | K54: 137 | L54: #PepsiCoRefresh | O54: =(F54 + G54 + H54) / I54 -> 0.20158526
A55: P148 | B55: Instagram | C55: 45762 | D55: Video | E55: Check out our latest video on instagram! | F55: 4133 | G55: 466 | H55: 327 | I55: 24798 | J55: 24620 | K55: 176 | L55: #ThirstyForMore | O55: =(F55 + G55 + H55) / I55 -> 0.19864505
A56: P198 | B56: Twitter | C56: 45549 | D56: Image | E56: Check out our latest image on twitter! | F56: 1048 | G56: 374 | H56: 450 | I56: 9432 | J56: 8882 | K56: 158 | L56: #PepsiCoRefresh | O56: =(F56 + G56 + H56) / I56 -> 0.19847328
A57: P152 | B57: Facebook | C57: 45769 | D57: Image | E57: Check out our latest image on facebook! | F57: 4804 | G57: 550 | H57: 270 | I57: 28824 | J57: 28370 | K57: 47 | L57: #ThirstyForMore | O57: =(F57 + G57 + H57) / I57 -> 0.19511518
A58: P286 | B58: YouTube | C58: 45560 | D58: Video | E58: Check out our latest video on youtube! | F58: 3389 | G58: 344 | H58: 229 | I58: 20334 | J58: 19443 | K58: 228 | L58: #LiveForNow | O58: =(F58 + G58 + H58) / I58 -> 0.19484607
... A80: P047 | B80: Twitter | C80: 45712 | D80: Carousel | E80: Check out our latest carousel on twitter! | F80: 2704 | G80: 752 | H80: 153 | I80: 21632 | J80: 20792 | K80: 127 | L80: #LiveForNow | O80: =(F80 + G80 + H80) / I80 -> 0.16683617
A81: P295 | B81: Twitter | C81: 45783 | D81: Image | E81: Check out our latest image on twitter! | F81: 1952 | G81: 344 | H81: 287 | I81: 15616 | J81: 15403 | K81: 235 | L81: #LiveForNow | M81: #PepsiCoRefresh | N81: #AnytimeIsPepsiTime | O81: =(F81 + G81 + H81) / I81 -> 0.16540727
A82: P054 | B82: YouTube | C82: 45729 | D82: Carousel | E82: Check out our latest carousel on youtube! | F82: 1686 | G82: 904 | H82: 472 | I82: 18546 | J82: 18171 | K82: 52 | L82: #LiveForNow | O82: =(F82 + G82 + H82) / I82 -> 0.16510299
A83: P060 | B83: Instagram | C83: 45685 | D83: Video | E83: Check out our latest video on instagram! | F83: 904 | G83: 973 | H83: 63 | I83: 11752 | J83: 11580 | K83: 84 | L83: #ThirstyForMore | M83: #PepsiCoRefresh | N83: #AnytimeIsPepsiTime | O83: =(F83 + G83 + H83) / I83 -> 0.16507828
A84: P083 | B84: YouTube | C84: 45580 | D84: Video | E84: Check out our latest video on youtube! | F84: 1094 | G84: 472 | H84: 21 | I84: 9846 | J84: 9609 | K84: 112 | L84: #ThirstyForMore | O84: =(F84 + G84 + H84) / I84 -> 0.16118221
A85: P138 | B85: Twitter | C85: 45745 | D85: Image | E85: Check out our latest image on twitter! | F85: 305 | G85: 187 | H85: 243 | I85: 4575 | J85: 3704 | K85: 234 | L85: #LiveForNow | O85: =(F85 + G85 + H85) / I85 -> 0.16065574
A86: P221 | B86: Facebook | C86: 45739 | D86: Video | E86: Check out our latest video on facebook! | F86: 4453 | G86: 111 | H86: 420 | I86: 31171 | J86: 30565 | K86: 23 | L86: #PepsiCoRefresh | O86: =(F86 + G86 + H86) / I86 -> 0.15989221
A87: P252 | B87: Facebook | C87: 45775 | D87: Carousel | E87: Check out our latest carousel on facebook! | F87: 2089 | G87: 476 | H87: 69 | I87: 16712 | J87: 16309 | K87: 64 | L87: #LiveForNow | O87: =(F87 + G87 + H87) / I87 -> 0.1576113
A88: P052 | B88: Facebook | C88: 45660 | D88: Image | E88: Check out our latest image on facebook! | F88: 947 | G88: 338 | H88: 350 | I88: 10417 | J88: 9730 | K88: 34 | L88: #PepsiCoRefresh | O88: =(F88 + G88 + H88) / I88 -> 0.15695498
A89: P140 | B89: Facebook | C89: 45488 | D89: Image | E89: Check out our latest image on facebook! | F89: 2291 | G89: 78 | H89: 485 | I89: 18328 | J89: 18101 | K89: 10 | L89: #ThirstyForMore | M89: #SmoothLikeNitroPepsi | O89: =(F89 + G89 + H89) / I89 -> 0.15571803
A90: P165 | B90: Twitter | C90: 45637 | D90: Text | E90: Check out our latest text on twitter! | F90: 3239 | G90: 43 | H90: 211 | I90: 22673 | J90: 22171 | K90: 230 | L90: #PepsiCoRefresh | O90: =(F90 + G90 + H90) / I90 -> 0.1540599
A91: P164 | B91: YouTube | C91: 45715 | D91: Text | E91: Check out our latest text on youtube! | F91: 4934 | G91: 971 | H91: 156 | I91: 39472 | J91: 39025 | K91: 169 | L91: #PepsiCoRefresh | M91: #AnytimeIsPepsiTime | O91: =(F91 + G91 + H91) / I91 -> 0.15355188
A92: P262 | B92: YouTube | C92: 45675 | D92: Image | E92: Check out our latest image on youtube! | F92: 1206 | G92: 238 | H92: 36 | I92: 9648 | J92: 9417 | K92: 237 | L92: #PepsiCoRefresh | O92: =(F92 + G92 + H92) / I92 -> 0.15339967
A93: P147 | B93: Instagram | C93: 45586 | D93: Reel | E93: Check out our latest reel on instagram! | F93: 3256 | G93: 459 | H93: 266 | I93: 26048 | J93: 25529 | K93: 143 | L93: #PepsiCoRefresh | O93: =(F93 + G93 + H93) / I93 -> 0.15283323
A94: P004 | B94: Instagram | C94: 45516 | D94: Story | E94: Check out our latest story on instagram! | F94: 2404 | G94: 363 | H94: 138 | I94: 19232 | J94: 18636 | K94: 128 | L94: #ThirstyForMore | O94: =(F94 + G94 + H94) / I94 -> 0.15105033
A95: P014 | B95: Facebook | C95: 45704 | D95: Story | E95: Check out our latest story on facebook! | F95: 4242 | G95: 555 | H95: 131 | I95: 33936 | J95: 33802 | K95: 265 | L95: #LiveForNow | O95: =(F95 + G95 + H95) / I95 -> 0.14521452
A96: P192 | B96: Instagram | C96: 45625 | D96: Video | E96: Check out our latest video on instagram! | F96: 1176 | G96: 464 | H96: 394 | I96: 14112 | J96: 13588 | K96: 272 | L96: #ThirstyForMore | O96: =(F96 + G96 + H96) / I96 -> 0.14413265
A97: P173 | B97: Twitter | C97: 45631 | D97: Video | E97: Check out our latest video on twitter! | F97: 1330 | G97: 925 | H97: 35 | I97: 15960 | J97: 15379 | K97: 229 | L97: #LiveForNow | O97: =(F97 + G97 + H97) / I97 -> 0.14348371
A98: P166 | B98: Twitter | C98: 45704 | D98: Reel | E98: Check out our latest reel on twitter! | F98: 1076 | G98: 313 | H98: 306 | I98: 11836 | J98: 11596 | K98: 104 | L98: #LiveForNow | O98: =(F98 + G98 + H98) / I98 -> 0.14320716
A99: P207 | B99: Twitter | C99: 45655 | D99: Carousel | E99: Check out our latest carousel on twitter! | F99: 4274 | G99: 340 | H99: 281 | I99: 34192 | J99: 33446 | K99: 129 | L99: #PepsiCoRefresh | M99: #SmoothLikeNitroPepsi | O99: =(F99 + G99 + H99) / I99 -> 0.14316214
A100: P061 | B100: Twitter | C100: 45540 | D100: Video | E100: Check out our latest video on twitter! | F100: 4886 | G100: 983 | H100: 409 | I100: 43974 | J100: 43239 | K100: 65 | L100: #PepsiCoRefresh | O100: =(F100 + G100 + H100) / I100 -> 0.14276618
A101: P125 | B101: Twitter | C101: 45543 | D101: Carousel | E101: Check out our latest carousel on twitter! | F101: 3811 | G101: 866 | H101: 216 | I101: 34299 | J101: 34088 | K101: 233 | L101: #PepsiCoRefresh | O101: =(F101 + G101 + H101) / I101 -> 0.14265722
A102: P272 | B102: Instagram | C102: 45743 | D102: Text | E102: Check out our latest text on instagram! | F102: 4941 | G102: 414 | H102: 266 | I102: 39528 | J102: 39154 | K102: 217 | L102: #PepsiCoRefresh | O102: =(F102 + G102 + H102) / I102 -> 0.142203
A103: P040 | B103: Twitter | C103: 45723 | D103: Image | E103: Check out our latest image on twitter! | F103: 4750 | G103: 151 | H103: 415 | I103: 38000 | J103: 37792 | K103: 299 | L103: #ThirstyForMore | O103: =(F103 + G103 + H103) / I103 -> 0.13989474
A104: P299 | B104: Facebook | C104: 45530 | D104: Image | E104: Check out our latest image on facebook! | F104: 2581 | G104: 517 | H104: 117 | I104: 23229 | J104: 22331 | K104: 70 | L104: #LiveForNow | O104: =(F104 + G104 + H104) / I104 -> 0.13840458
A105: P174 | B105: Facebook | C105: 45465 | D105: Text | E105: Check out our latest text on facebook! | F105: 3828 | G105: 148 | H105: 253 | I105: 30624 | J105: 30229 | K105: 235 | L105: #ThirstyForMore | O105: =(F105 + G105 + H105) / I105 -> 0.13809431
A106: P104 | B106: YouTube | C106: 45739 | D106: Story | E106: Check out our latest story on youtube! | F106: 3655 | G106: 568 | H106: 286 | I106: 32895 | J106: 32015 | K106: 199 | L106: #PepsiCoRefresh | O106: =(F106 + G106 + H106) / I106 -> 0.1370725
A107: P195 | B107: Instagram | C107: 45519 | D107: Carousel | E107: Check out our latest carousel on instagram! | F107: 914 | G107: 464 | H107: 246 | I107: 11882 | J107: 11500 | K107: 282 | L107: #LiveForNow | M107: #PepsiCoRefresh | N107: #AnytimeIsPepsiTime | O107: =(F107 + G107 + H107) / I107 -> 0.13667733
A108: P184 | B108: Twitter | C108: 45501 | D108: Image | E108: Check out our latest image on twitter! | F108: 3215 | G108: 960 | H108: 202 | I108: 32150 | J108: 31404 | K108: 251 | L108: #ThirstyForMore | O108: =(F108 + G108 + H108) / I108 -> 0.13614308
A109: P092 | B109: Twitter | C109: 45586 | D109: Story | E109: Check out our latest story on twitter! | F109: 3801 | G109: 967 | H109: 401 | I109: 38010 | J109: 37625 | K109: 236 | L109: #LiveForNow | O109: =(F109 + G109 + H109) / I109 -> 0.13599053
A110: P088 | B110: Facebook | C110: 45480 | D110: Story | E110: Check out our latest story on facebook! | F110: 302 | G110: 47 | H110: 430 | I110: 5738 | J110: 4890 | K110: 25 | L110: #PepsiCoRefresh | O110: =(F110 + G110 + H110) / I110 -> 0.13576159
A111: P285 | B111: YouTube | C111: 45491 | D111: Text | E111: Check out our latest text on youtube! | F111: 4021 | G111: 794 | H111: 77 | I111: 36189 | J111: 35505 | K111: 174 | L111: #ThirstyForMore | O111: =(F111 + G111 + H111) / I111 -> 0.1351792
A112: P050 | B112: YouTube | C112: 45476 | D112: Story | E112: Check out our latest story on youtube! | F112: 2754 | G112: 130 | H112: 90 | I112: 22032 | J112: 21288 | K112: 112 | L112: #PepsiCoRefresh | O112: =(F112 + G112 + H112) / I112 -> 0.13498548
A113: P132 | B113: Instagram | C113: 45720 | D113: Story | E113: Check out our latest story on instagram! | F113: 1947 | G113: 842 | H113: 101 | I113: 21417 | J113: 20967 | K113: 186 | L113: #LiveForNow | O113: =(F113 + G113 + H113) / I113 -> 0.13493953
A114: P229 | B114: Instagram | C114: 45476 | D114: Carousel | E114: Check out our latest carousel on instagram! | F114: 4799 | G114: 694 | H114: 289 | I114: 43191 | J114: 42228 | K114: 118 | L114: #PepsiCoRefresh | O114: =(F114 + G114 + H114) / I114 -> 0.13387048
A115: P074 | B115: YouTube | C115: 45593 | D115: Reel | E115: Check out our latest reel on youtube! | F115: 1855 | G115: 200 | H115: 174 | I115: 16695 | J115: 16330 | K115: 123 | L115: #PepsiCoRefresh | O115: =(F115 + G115 + H115) / I115 -> 0.13351303
A116: P254 | B116: Twitter | C116: 45671 | D116: Image | E116: Check out our latest image on twitter! | F116: 2692 | G116: 115 | H116: 64 | I116: 21536 | J116: 21120 | K116: 224 | L116: #LiveForNow | O116: =(F116 + G116 + H116) / I116 -> 0.13331166
A117: P131 | B117: Instagram | C117: 45586 | D117: Reel | E117: Check out our latest reel on instagram! | F117: 4840 | G117: 658 | H117: 211 | I117: 43560 | J117: 43225 | K117: 57 | L117: #LiveForNow | O117: =(F117 + G117 + H117) / I117 -> 0.13106061
A118: P236 | B118: Facebook | C118: 45523 | D118: Text | E118: Check out our latest text on facebook! | F118: 1257 | G118: 19 | H118: 351 | I118: 12570 | J118: 11660 | K118: 194 | L118: #LiveForNow | M118: #AnytimeIsPepsiTime | N118: #ThirstyForMore | O118: =(F118 + G118 + H118) / I118 -> 0.12943516
A119: P114 | B119: Twitter | C119: 45610 | D119: Story | E119: Check out our latest story on twitter! | F119: 4000 | G119: 689 | H119: 488 | I119: 40000 | J119: 39569 | K119: 44 | L119: #LiveForNow | O119: =(F119 + G119 + H119) / I119 -> 0.129425
A120: P056 | B120: Facebook | C120: 45644 | D120: Carousel | E120: Check out our latest carousel on facebook! | F120: 2946 | G120: 498 | H120: 367 | I120: 29460 | J120: 28527 | K120: 60 | L120: #LiveForNow | O120: =(F120 + G120 + H120) / I120 -> 0.12936185
A121: P105 | B121: Instagram | C121: 45457 | D121: Carousel | E121: Check out our latest carousel on instagram! | F121: 498 | G121: 38 | H121: 42 | I121: 4482 | J121: 3647 | K121: 32 | L121: #LiveForNow | O121: =(F121 + G121 + H121) / I121 -> 0.12896029
A122: P012 | B122: Facebook | C122: 45494 | D122: Reel | E122: Check out our latest reel on facebook! | F122: 1946 | G122: 686 | H122: 377 | I122: 23352 | J122: 22982 | K122: 213 | L122: #LiveForNow | O122: =(F122 + G122 + H122) / I122 -> 0.12885406
A123: P235 | B123: Facebook | C123: 45648 | D123: Image | E123: Check out our latest image on facebook! | F123: 3196 | G123: 941 | H123: 376 | I123: 35156 | J123: 34444 | K123: 241 | L123: #PepsiCoRefresh | O123: =(F123 + G123 + H123) / I123 -> 0.12837069
A124: P033 | B124: Facebook | C124: 45525 | D124: Image | E124: Check out our latest image on facebook! | F124: 1407 | G124: 400 | H124: 351 | I124: 16884 | J124: 15954 | K124: 113 | L124: #PepsiCoRefresh | O124: =(F124 + G124 + H124) / I124 -> 0.12781331
A125: P038 | B125: YouTube | C125: 45705 | D125: Reel | E125: Check out our latest reel on youtube! | F125: 3138 | G125: 123 | H125: 291 | I125: 28242 | J125: 27550 | K125: 87 | L125: #PepsiCoRefresh | O125: =(F125 + G125 + H125) / I125 -> 0.12577013
A126: P196 | B126: Instagram | C126: 45645 | D126: Text | E126: Check out our latest text on instagram! | F126: 1813 | G126: 623 | H126: 72 | I126: 19943 | J126: 18959 | K126: 85 | L126: #ThirstyForMore | O126: =(F126 + G126 + H126) / I126 -> 0.12575841
A127: P128 | B127: Twitter | C127: 45667 | D127: Image | E127: Check out our latest image on twitter! | F127: 3092 | G127: 106 | H127: 291 | I127: 27828 | J127: 27217 | K127: 102 | L127: #LiveForNow | O127: =(F127 + G127 + H127) / I127 -> 0.12537732
A128: P169 | B128: YouTube | C128: 45629 | D128: Video | E128: Check out our latest video on youtube! | F128: 3809 | G128: 273 | H128: 200 | I128: 34281 | J128: 33534 | K128: 83 | L128: #ThirstyForMore | O128: =(F128 + G128 + H128) / I128 -> 0.12490884
A129: P293 | B129: Facebook | C129: 45791 | D129: Text | E129: Check out our latest text on facebook! | F129: 2634 | G129: 726 | H129: 241 | I129: 28974 | J129: 28102 | K129: 277 | L129: #ThirstyForMore | O129: =(F129 + G129 + H129) / I129 -> 0.12428384
A130: P292 | B130: Facebook | C130: 45613 | D130: Text | E130: Check out our latest text on facebook! | F130: 880 | G130: 297 | H130: 345 | I130: 12320 | J130: 11978 | K130: 238 | L130: #PepsiCoRefresh | M130: #AnytimeIsPepsiTime | O130: =(F130 + G130 + H130) / I130 -> 0.12353896
A131: P212 | B131: YouTube | C131: 45719 | D131: Video | E131: Check out our latest video on youtube! | F131: 3874 | G131: 884 | H131: 19 | I131: 38740 | J131: 38552 | K131: 219 | L131: #PepsiCoRefresh | O131: =(F131 + G131 + H131) / I131 -> 0.12330924
A132: P110 | B132: Instagram | C132: 45502 | D132: Reel | E132: Check out our latest reel on instagram! | F132: 3523 | G132: 753 | H132: 482 | I132: 38753 | J132: 38579 | K132: 270 | L132: #ThirstyForMore | O132: =(F132 + G132 + H132) / I132 -> 0.12277759
A133: P245 | B133: Facebook | C133: 45669 | D133: Reel | E133: Check out our latest reel on facebook! | F133: 4134 | G133: 824 | H133: 99 | I133: 41340 | J133: 41050 | K133: 177 | L133: #ThirstyForMore | O133: =(F133 + G133 + H133) / I133 -> 0.12232704
A134: P075 | B134: Instagram | C134: 45505 | D134: Reel | E134: Check out our latest reel on instagram! | F134: 1674 | G134: 929 | H134: 37 | I134: 21762 | J134: 20998 | K134: 255 | L134: #PepsiCoRefresh | O134: =(F134 + G134 + H134) / I134 -> 0.12131238
A135: P255 | B135: Facebook | C135: 45750 | D135: Story | E135: Check out our latest story on facebook! | F135: 3767 | G135: 514 | H135: 238 | I135: 37670 | J135: 36807 | K135: 226 | L135: #LiveForNow | O135: =(F135 + G135 + H135) / I135 -> 0.11996284
A136: P071 | B136: YouTube | C136: 45537 | D136: Carousel | E136: Check out our latest carousel on youtube! | F136: 2551 | G136: 915 | H136: 205 | I136: 30612 | J136: 30360 | K136: 227 | L136: #PepsiCoRefresh | O136: =(F136 + G136 + H136) / I136 -> 0.11992029
A137: P065 | B137: Instagram | C137: 45744 | D137: Story | E137: Check out our latest story on instagram! | F137: 1881 | G137: 501 | H137: 99 | I137: 20691 | J137: 19987 | K137: 289 | L137: #ThirstyForMore | O137: =(F137 + G137 + H137) / I137 -> 0.11990721
A138: P247 | B138: Facebook | C138: 45531 | D138: Reel | E138: Check out our latest reel on facebook! | F138: 3960 | G138: 266 | H138: 8 | I138: 35640 | J138: 34850 | K138: 208 | L138: #LiveForNow | M138: #ThirstyForMore | N138: #BetterWithPepsi | O138: =(F138 + G138 + H138) / I138 -> 0.1187991
A139: P035 | B139: Instagram | C139: 45626 | D139: Video | E139: Check out our latest video on instagram! | F139: 3775 | G139: 16 | H139: 239 | I139: 33975 | J139: 33310 | K139: 271 | L139: #LiveForNow | O139: =(F139 + G139 + H139) / I139 -> 0.11861663
A140: P117 | B140: Twitter | C140: 45600 | D140: Image | E140: Check out our latest image on twitter! | F140: 1606 | G140: 451 | H140: 405 | I140: 20878 | J140: 20190 | K140: 219 | L140: #ThirstyForMore | O140: =(F140 + G140 + H140) / I140 -> 0.11792317
...

Sheet Task2 Pivot Table1
A1: Platform | B1: Content Type | C1: SUM of Likes | D1: SUM of Shares | E1: SUM of Comments
A2: Facebook | B2: Carousel | C2: 44476 | D2: 7400 | E2: 4589
B3: Image | C3: 71602 | D3: 12904 | E3: 6495
B4: Reel | C4: 36368 | D4: 5964 | E4: 3353
B5: Story | C5: 29405 | D5: 4950 | E5: 3223
B6: Text | C6: 31963 | D6: 4792 | E6: 3377
B7: Video | C7: 28947 | D7: 3171 | E7: 2263
A8: Facebook Total | C8: 242761 | D8: 39181 | E8: 23300
A9: Instagram | B9: Carousel | C9: 43948 | D9: 6975 | E9: 3890
B10: Image | C10: 34202 | D10: 5286 | E10: 2655
B11: Reel | C11: 32148 | D11: 8110 | E11: 3386
B12: Story | C12: 42649 | D12: 10049 | E12: 3846
B13: Text | C13: 25567 | D13: 5112 | E13: 1946
B14: Video | C14: 25770 | D14: 5912 | E14: 2128
A15: Instagram Total | C15: 204284 | D15: 41444 | E15: 17851
A16: Twitter | B16: Carousel | C16: 48649 | D16: 5791 | E16: 3607
B17: Image | C17: 43761 | D17: 7110 | E17: 5125
B18: Reel | C18: 27029 | D18: 4550 | E18: 1913
B19: Story | C19: 20466 | D19: 5090 | E19: 3026
B20: Text | C20: 31899 | D20: 4861 | E20: 3910
B21: Video | C21: 29593 | D21: 6326 | E21: 3299
A22: Twitter Total | C22: 201397 | D22: 33728 | E22: 20880
A23: YouTube | B23: Carousel | C23: 24926 | D23: 6305 | E23: 2422
B24: Image | C24: 23903 | D24: 4310 | E24: 2077
B25: Reel | C25: 32400 | D25: 4577 | E25: 2668
B26: Story | C26: 31968 | D26: 3866 | E26: 2012
B27: Text | C27: 27067 | D27: 3928 | E27: 1052
B28: Video | C28: 31285 | D28: 5586 | E28: 2589
A29: YouTube Total | C29: 171549 | D29: 28572 | E29: 12820
A30: Grand Total | C30: 819991 | D30: 142925 | E30: 74851

Sheet Task2 Pivot Table2
A1: Hashtags Used | B1: AVERAGE of Clicks | C1: Rank | E1: Platform | F1: SUM of Engagement Rate
A2: #LiveForNow | B2: 144.03883 | C2: =RANK(B2, B$2:B$50, FALSE) -> 4 | E2: Facebook | F2: 9.7410036
A3: #PepsiCoRefresh | B3: 157.02 | C3: =RANK(B3, B$2:B$50, FALSE) -> 1 | E3: Instagram | F3: 15.270114
A4: #ThirstyForMore | B4: 152.86598 | C4: =RANK(B4, B$2:B$50, FALSE) -> 2 | E4: Twitter | F4: 11.351042
A5: Grand Total | B5: 151.22 | C5: =RANK(B5, B$2:B$50, FALSE) -> 3 | E5: YouTube | F5: 7.7399113
E6: Grand Total | F6: 44.10207
A10: Top 10 Posts by Engagement Rate
A11: 1.8129252
A12: 0.86601942
A13: 0.71686747
A14: 0.70387597
A15: 0.6508216
A16: 0.53773585
A17: 0.53389831
A18: 0.50192308
A19: 0.48518408
A20: 0.38274707

Sheet Task3-1 Social Media Platform a
A1: Post ID | B1: Platform | C1: Date | D1: Content Type | E1: Post Text | F1: Likes | G1: Shares | H1: Comments | I1: Impressions | J1: Reach | K1: Clicks | L1: Hashtags Used | O1: Engagement Rate | P1: Total Engagement = Likes + Shares + Comments
A2: P220 | B2: Instagram | C2: 45445 | D2: Story | E2: Check out our latest story on instagram! | F2: 84 | G2: 897 | H2: 85 | I2: 588 | J2: 8 | K2: 12 | L2: #ThirstyForMore | O2: =(F2 + G2 + H2) / I2 -> 1.8129252 | P2: =F2 + G2 + H2 -> 1066
A3: P058 | B3: Instagram | C3: 45762 | D3: Reel | E3: Check out our latest reel on instagram! | F3: 103 | G3: 770 | H3: 19 | I3: 1030 | J3: 410 | K3: 262 | L3: #PepsiCoRefresh | O3: =(F3 + G3 + H3) / I3 -> 0.86601942 | P3: =F3 + G3 + H3 -> 892
A4: P232 | B4: Twitter | C4: 45776 | D4: Story | E4: Check out our latest story on twitter! | F4: 249 | G4: 592 | H4: 230 | I4: 1494 | J4: 1044 | K4: 201 | L4: #ThirstyForMore | O4: =(F4 + G4 + H4) / I4 -> 0.71686747 | P4: =F4 + G4 + H4 -> 1071
A5: P178 | B5: Instagram | C5: 45603 | D5: Video | E5: Check out our latest video on instagram! | F5: 129 | G5: 643 | H5: 136 | I5: 1290 | J5: 839 | K5: 238 | L5: #PepsiCoRefresh | O5: =(F5 + G5 + H5) / I5 -> 0.70387597 | P5: =F5 + G5 + H5 -> 908
A6: P175 | B6: Instagram | C6: 45674 | D6: Reel | E6: Check out our latest reel on instagram! | F6: 142 | G6: 784 | H6: 183 | I6: 1704 | J6: 995 | K6: 154 | L6: #LiveForNow | O6: =(F6 + G6 + H6) / I6 -> 0.6508216 | P6: =F6 + G6 + H6 -> 1109
A7: P062 | B7: Twitter | C7: 45618 | D7: Carousel | E7: Check out our latest carousel on twitter! | F7: 53 | G7: 81 | H7: 379 | I7: 954 | J7: 7 | K7: 148 | L7: #PepsiCoRefresh | O7: =(F7 + G7 + H7) / I7 -> 0.53773585 | P7: =F7 + G7 + H7 -> 513
A8: P264 | B8: Twitter | C8: 45687 | D8: Image | E8: Check out our latest image on twitter! | F8: 59 | G8: 163 | H8: 93 | I8: 590 | J8: 475 | K8: 293 | L8: #PepsiCoRefresh | O8: =(F8 + G8 + H8) / I8 -> 0.53389831 | P8: =F8 + G8 + H8 -> 315
A9: P143 | B9: YouTube | C9: 45567 | D9: Carousel | E9: Check out our latest carousel on youtube! | F9: 80 | G9: 362 | H9: 80 | I9: 1040 | J9: 349 | K9: 117 | L9: #PepsiCoRefresh | O9: =(F9 + G9 + H9) / I9 -> 0.50192308 | P9: =F9 + G9 + H9 -> 522
A10: P210 | B10: YouTube | C10: 45707 | D10: Image | E10: Check out our latest image on youtube! | F10: 257 | G10: 966 | H10: 398 | I10: 3341 | J10: 2753 | K10: 287 | L10: #LiveForNow | O10: =(F10 + G10 + H10) / I10 -> 0.48518408 | P10: =F10 + G10 + H10 -> 1621
A11: P070 | B11: Facebook | C11: 45749 | D11: Video | E11: Check out our latest video on facebook! | F11: 199 | G11: 772 | H11: 400 | I11: 3582 | J11: 2988 | K11: 43 | L11: #PepsiCoRefresh | P11: =F11 + G11 + H11 -> 1371
A12: P214 | B12: Instagram | C12: 45649 | D12: Image | E12: Check out our latest image on instagram! | F12: 521 | G12: 746 | H12: 315 | I12: 4168 | J12: 3399 | K12: 282 | L12: #LiveForNow | O12: =(F12 + G12 + H12) / I12 -> 0.37955854 | P12: =F12 + G12 + H12 -> 1582
A13: P053 | B13: YouTube | C13: 45712 | D13: Carousel | E13: Check out our latest carousel on youtube! | F13: 804 | G13: 639 | H13: 43 | I13: 4020 | J13: 3144 | K13: 11 | L13: #ThirstyForMore | M13: #BetterWithPepsi | O13: =(F13 + G13 + H13) / I13 -> 0.36965174 | P13: =F13 + G13 + H13 -> 1486
A14: P102 | B14: Twitter | C14: 45553 | D14: Reel | E14: Check out our latest reel on twitter! | F14: 1000 | G14: 978 | H14: 162 | I14: 6000 | J14: 5221 | K14: 223 | L14: #ThirstyForMore | O14: =(F14 + G14 + H14) / I14 -> 0.35666667 | P14: =F14 + G14 + H14 -> 2140
A15: P124 | B15: YouTube | C15: 45753 | D15: Carousel | E15: Check out our latest carousel on youtube! | F15: 736 | G15: 771 | H15: 225 | I15: 5152 | J15: 4706 | K15: 19 | L15: #ThirstyForMore | O15: =(F15 + G15 + H15) / I15 -> 0.33618012 | P15: =F15 + G15 + H15 -> 1732
A16: P121 | B16: Instagram | C16: 45502 | D16: Story | E16: Check out our latest story on instagram! | F16: 498 | G16: 701 | H16: 412 | I16: 4980 | J16: 4185 | K16: 185 | L16: #LiveForNow | O16: =(F16 + G16 + H16) / I16 -> 0.32349398 | P16: =F16 + G16 + H16 -> 1611
A17: P224 | B17: Facebook | C17: 45790 | D17: Image | E17: Check out our latest image on facebook! | F17: 602 | G17: 594 | H17: 156 | I17: 4214 | J17: 3363 | K17: 164 | L17: #PepsiCoRefresh | O17: =(F17 + G17 + H17) / I17 -> 0.32083531 | P17: =F17 + G17 + H17 -> 1352
A18: P154 | B18: Instagram | C18: 45574 | D18: Carousel | E18: Check out our latest carousel on instagram! | F18: 985 | G18: 932 | H18: 287 | I18: 6895 | J18: 6757 | K18: 64 | L18: #LiveForNow | O18: =(F18 + G18 + H18) / I18 -> 0.31965192 | P18: =F18 + G18 + H18 -> 2204
A19: P119 | B19: Instagram | C19: 45695 | D19: Reel | E19: Check out our latest reel on instagram! | F19: 1970 | G19: 675 | H19: 478 | I19: 9850 | J19: 8924 | K19: 117 | L19: #LiveForNow | O19: =(F19 + G19 + H19) / I19 -> 0.31705584 | P19: =F19 + G19 + H19 -> 3123
A20: P287 | B20: Instagram | C20: 45519 | D20: Reel | E20: Check out our latest reel on instagram! | F20: 1164 | G20: 616 | H20: 324 | I20: 6984 | J20: 6636 | K20: 82 | L20: #ThirstyForMore | O20: =(F20 + G20 + H20) / I20 -> 0.30126002 | P20: =F20 + G20 + H20 -> 2104
A21: P204 | B21: Instagram | C21: 45658 | D21: Carousel | E21: Check out our latest carousel on instagram! | F21: 2234 | G21: 653 | H21: 432 | I21: 11170 | J21: 10569 | K21: 198 | L21: #LiveForNow | O21: =(F21 + G21 + H21) / I21 -> 0.29713518 | P21: =F21 + G21 + H21 -> 3319
A22: P066 | B22: Twitter | C22: 45499 | D22: Carousel | E22: Check out our latest carousel on twitter! | F22: 432 | G22: 171 | H22: 280 | I22: 3024 | J22: 2285 | K22: 184 | L22: #ThirstyForMore | O22: =(F22 + G22 + H22) / I22 -> 0.29199735 | P22: =F22 + G22 + H22 -> 883
A23: P183 | B23: Instagram | C23: 45643 | D23: Story | E23: Check out our latest story on instagram! | F23: 360 | G23: 590 | H23: 393 | I23: 4680 | J23: 4322 | K23: 208 | L23: #LiveForNow | O23: =(F23 + G23 + H23) / I23 -> 0.28696581 | P23: =F23 + G23 + H23 -> 1343
A24: P031 | B24: Instagram | C24: 45642 | D24: Text | E24: Check out our latest text on instagram! | F24: 438 | G24: 153 | H24: 275 | I24: 3066 | J24: 2701 | K24: 282 | L24: #PepsiCoRefresh | O24: =(F24 + G24 + H24) / I24 -> 0.28245271 | P24: =F24 + G24 + H24 -> 866
A25: P093 | B25: Instagram | C25: 45637 | D25: Video | E25: Check out our latest video on instagram! | F25: 1431 | G25: 951 | H25: 26 | I25: 8586 | J25: 8396 | K25: 150 | L25: #ThirstyForMore | O25: =(F25 + G25 + H25) / I25 -> 0.28045656 | P25: =F25 + G25 + H25 -> 2408
... A45: P159 | B45: Facebook | C45: 45621 | D45: Story | E45: Check out our latest story on facebook! | F45: 2120 | G45: 158 | H45: 488 | I45: 12720 | J45: 12085 | K45: 17 | L45: #LiveForNow | O45: =(F45 + G45 + H45) / I45 -> 0.21745283 | P45: =F45 + G45 + H45 -> 2766
A46: P146 | B46: YouTube | C46: 45448 | D46: Reel | E46: Check out our latest reel on youtube! | F46: 3065 | G46: 772 | H46: 142 | I46: 18390 | J46: 17875 | K46: 200 | L46: #ThirstyForMore | M46: #AnytimeIsPepsiTime | O46: =(F46 + G46 + H46) / I46 -> 0.21636759 | P46: =F46 + G46 + H46 -> 3979
A47: P029 | B47: Instagram | C47: 45688 | D47: Carousel | E47: Check out our latest carousel on instagram! | F47: 2566 | G47: 118 | H47: 37 | I47: 12830 | J47: 12264 | K47: 221 | L47: #LiveForNow | O47: =(F47 + G47 + H47) / I47 -> 0.21208106 | P47: =F47 + G47 + H47 -> 2721
A48: P137 | B48: Facebook | C48: 45504 | D48: Video | E48: Check out our latest video on facebook! | F48: 3008 | G48: 94 | H48: 37 | I48: 15040 | J48: 14639 | K48: 277 | L48: #LiveForNow | O48: =(F48 + G48 + H48) / I48 -> 0.20871011 | P48: =F48 + G48 + H48 -> 3139
A49: P087 | B49: Twitter | C49: 45449 | D49: Video | E49: Check out our latest video on twitter! | F49: 1436 | G49: 765 | H49: 496 | I49: 12924 | J49: 12701 | K49: 197 | L49: #LiveForNow | O49: =(F49 + G49 + H49) / I49 -> 0.20868152 | P49: =F49 + G49 + H49 -> 2697
A50: P271 | B50: Instagram | C50: 45582 | D50: Video | E50: Check out our latest video on instagram! | F50: 3575 | G50: 749 | H50: 111 | I50: 21450 | J50: 20785 | K50: 195 | L50: #ThirstyForMore | O50: =(F50 + G50 + H50) / I50 -> 0.20675991 | P50: =F50 + G50 + H50 -> 4435
A51: P077 | B51: Facebook | C51: 45720 | D51: Story | E51: Check out our latest story on facebook! | F51: 1249 | G51: 116 | H51: 420 | I51: 8743 | J51: 8538 | K51: 63 | L51: #PepsiCoRefresh | O51: =(F51 + G51 + H51) / I51 -> 0.20416333 | P51: =F51 + G51 + H51 -> 1785
A52: P136 | B52: Instagram | C52: 45484 | D52: Text | E52: Check out our latest text on instagram! | F52: 3134 | G52: 888 | H52: 444 | I52: 21938 | J52: 21337 | K52: 130 | L52: #ThirstyForMore | O52: =(F52 + G52 + H52) / I52 -> 0.20357371 | P52: =F52 + G52 + H52 -> 4466
A53: P258 | B53: Instagram | C53: 45509 | D53: Story | E53: Check out our latest story on instagram! | F53: 3601 | G53: 695 | H53: 75 | I53: 21606 | J53: 21454 | K53: 172 | L53: #ThirstyForMore | O53: =(F53 + G53 + H53) / I53 -> 0.20230492 | P53: =F53 + G53 + H53 -> 4371
A54: P276 | B54: Twitter | C54: 45450 | D54: Carousel | E54: Check out our latest carousel on twitter! | F54: 1556 | G54: 195 | H54: 131 | I54: 9336 | J54: 8875 | K54: 137 | L54: #PepsiCoRefresh | O54: =(F54 + G54 + H54) / I54 -> 0.20158526 | P54: =F54 + G54 + H54 -> 1882
A55: P148 | B55: Instagram | C55: 45762 | D55: Video | E55: Check out our latest video on instagram! | F55: 4133 | G55: 466 | H55: 327 | I55: 24798 | J55: 24620 | K55: 176 | L55: #ThirstyForMore | O55: =(F55 + G55 + H55) / I55 -> 0.19864505 | P55: =F55 + G55 + H55 -> 4926
A56: P198 | B56: Twitter | C56: 45549 | D56: Image | E56: Check out our latest image on twitter! | F56: 1048 | G56: 374 | H56: 450 | I56: 9432 | J56: 8882 | K56: 158 | L56: #PepsiCoRefresh | O56: =(F56 + G56 + H56) / I56 -> 0.19847328 | P56: =F56 + G56 + H56 -> 1872
A57: P152 | B57: Facebook | C57: 45769 | D57: Image | E57: Check out our latest image on facebook! | F57: 4804 | G57: 550 | H57: 270 | I57: 28824 | J57: 28370 | K57: 47 | L57: #ThirstyForMore | O57: =(F57 + G57 + H57) / I57 -> 0.19511518 | P57: =F57 + G57 + H57 -> 5624
A58: P286 | B58: YouTube | C58: 45560 | D58: Video | E58: Check out our latest video on youtube! | F58: 3389 | G58: 344 | H58: 229 | I58: 20334 | J58: 19443 | K58: 228 | L58: #LiveForNow | O58: =(F58 + G58 + H58) / I58 -> 0.19484607 | P58: =F58 + G58 + H58 -> 3962
... A80: P047 | B80: Twitter | C80: 45712 | D80: Carousel | E80: Check out our latest carousel on twitter! | F80: 2704 | G80: 752 | H80: 153 | I80: 21632 | J80: 20792 | K80: 127 | L80: #LiveForNow | O80: =(F80 + G80 + H80) / I80 -> 0.16683617 | P80: =F80 + G80 + H80 -> 3609
A81: P295 | B81: Twitter | C81: 45783 | D81: Image | E81: Check out our latest image on twitter! | F81: 1952 | G81: 344 | H81: 287 | I81: 15616 | J81: 15403 | K81: 235 | L81: #LiveForNow | M81: #PepsiCoRefresh | N81: #AnytimeIsPepsiTime | O81: =(F81 + G81 + H81) / I81 -> 0.16540727 | P81: =F81 + G81 + H81 -> 2583
A82: P054 | B82: YouTube | C82: 45729 | D82: Carousel | E82: Check out our latest carousel on youtube! | F82: 1686 | G82: 904 | H82: 472 | I82: 18546 | J82: 18171 | K82: 52 | L82: #LiveForNow | O82: =(F82 + G82 + H82) / I82 -> 0.16510299 | P82: =F82 + G82 + H82 -> 3062
A83: P060 | B83: Instagram | C83: 45685 | D83: Video | E83: Check out our latest video on instagram! | F83: 904 | G83: 973 | H83: 63 | I83: 11752 | J83: 11580 | K83: 84 | L83: #ThirstyForMore | M83: #PepsiCoRefresh | N83: #AnytimeIsPepsiTime | O83: =(F83 + G83 + H83) / I83 -> 0.16507828 | P83: =F83 + G83 + H83 -> 1940
A84: P083 | B84: YouTube | C84: 45580 | D84: Video | E84: Check out our latest video on youtube! | F84: 1094 | G84: 472 | H84: 21 | I84: 9846 | J84: 9609 | K84: 112 | L84: #ThirstyForMore | O84: =(F84 + G84 + H84) / I84 -> 0.16118221 | P84: =F84 + G84 + H84 -> 1587
A85: P138 | B85: Twitter | C85: 45745 | D85: Image | E85: Check out our latest image on twitter! | F85: 305 | G85: 187 | H85: 243 | I85: 4575 | J85: 3704 | K85: 234 | L85: #LiveForNow | O85: =(F85 + G85 + H85) / I85 -> 0.16065574 | P85: =F85 + G85 + H85 -> 735
A86: P221 | B86: Facebook | C86: 45739 | D86: Video | E86: Check out our latest video on facebook! | F86: 4453 | G86: 111 | H86: 420 | I86: 31171 | J86: 30565 | K86: 23 | L86: #PepsiCoRefresh | O86: =(F86 + G86 + H86) / I86 -> 0.15989221 | P86: =F86 + G86 + H86 -> 4984
A87: P252 | B87: Facebook | C87: 45775 | D87: Carousel | E87: Check out our latest carousel on facebook! | F87: 2089 | G87: 476 | H87: 69 | I87: 16712 | J87: 16309 | K87: 64 | L87: #LiveForNow | O87: =(F87 + G87 + H87) / I87 -> 0.1576113 | P87: =F87 + G87 + H87 -> 2634
A88: P052 | B88: Facebook | C88: 45660 | D88: Image | E88: Check out our latest image on facebook! | F88: 947 | G88: 338 | H88: 350 | I88: 10417 | J88: 9730 | K88: 34 | L88: #PepsiCoRefresh | O88: =(F88 + G88 + H88) / I88 -> 0.15695498 | P88: =F88 + G88 + H88 -> 1635
A89: P140 | B89: Facebook | C89: 45488 | D89: Image | E89: Check out our latest image on facebook! | F89: 2291 | G89: 78 | H89: 485 | I89: 18328 | J89: 18101 | K89: 10 | L89: #ThirstyForMore | M89: #SmoothLikeNitroPepsi | O89: =(F89 + G89 + H89) / I89 -> 0.15571803 | P89: =F89 + G89 + H89 -> 2854
A90: P165 | B90: Twitter | C90: 45637 | D90: Text | E90: Check out our latest text on twitter! | F90: 3239 | G90: 43 | H90: 211 | I90: 22673 | J90: 22171 | K90: 230 | L90: #PepsiCoRefresh | O90: =(F90 + G90 + H90) / I90 -> 0.1540599 | P90: =F90 + G90 + H90 -> 3493
A91: P164 | B91: YouTube | C91: 45715 | D91: Text | E91: Check out our latest text on youtube! | F91: 4934 | G91: 971 | H91: 156 | I91: 39472 | J91: 39025 | K91: 169 | L91: #PepsiCoRefresh | M91: #AnytimeIsPepsiTime | O91: =(F91 + G91 + H91) / I91 -> 0.15355188 | P91: =F91 + G91 + H91 -> 6061
A92: P262 | B92: YouTube | C92: 45675 | D92: Image | E92: Check out our latest image on youtube! | F92: 1206 | G92: 238 | H92: 36 | I92: 9648 | J92: 9417 | K92: 237 | L92: #PepsiCoRefresh | O92: =(F92 + G92 + H92) / I92 -> 0.15339967 | P92: =F92 + G92 + H92 -> 1480
A93: P147 | B93: Instagram | C93: 45586 | D93: Reel | E93: Check out our latest reel on instagram! | F93: 3256 | G93: 459 | H93: 266 | I93: 26048 | J93: 25529 | K93: 143 | L93: #PepsiCoRefresh | O93: =(F93 + G93 + H93) / I93 -> 0.15283323 | P93: =F93 + G93 + H93 -> 3981
A94: P004 | B94: Instagram | C94: 45516 | D94: Story | E94: Check out our latest story on instagram! | F94: 2404 | G94: 363 | H94: 138 | I94: 19232 | J94: 18636 | K94: 128 | L94: #ThirstyForMore | O94: =(F94 + G94 + H94) / I94 -> 0.15105033 | P94: =F94 + G94 + H94 -> 2905
A95: P014 | B95: Facebook | C95: 45704 | D95: Story | E95: Check out our latest story on facebook! | F95: 4242 | G95: 555 | H95: 131 | I95: 33936 | J95: 33802 | K95: 265 | L95: #LiveForNow | O95: =(F95 + G95 + H95) / I95 -> 0.14521452 | P95: =F95 + G95 + H95 -> 4928
A96: P192 | B96: Instagram | C96: 45625 | D96: Video | E96: Check out our latest video on instagram! | F96: 1176 | G96: 464 | H96: 394 | I96: 14112 | J96: 13588 | K96: 272 | L96: #ThirstyForMore | O96: =(F96 + G96 + H96) / I96 -> 0.14413265 | P96: =F96 + G96 + H96 -> 2034
A97: P173 | B97: Twitter | C97: 45631 | D97: Video | E97: Check out our latest video on twitter! | F97: 1330 | G97: 925 | H97: 35 | I97: 15960 | J97: 15379 | K97: 229 | L97: #LiveForNow | O97: =(F97 + G97 + H97) / I97 -> 0.14348371 | P97: =F97 + G97 + H97 -> 2290
A98: P166 | B98: Twitter | C98: 45704 | D98: Reel | E98: Check out our latest reel on twitter! | F98: 1076 | G98: 313 | H98: 306 | I98: 11836 | J98: 11596 | K98: 104 | L98: #LiveForNow | O98: =(F98 + G98 + H98) / I98 -> 0.14320716 | P98: =F98 + G98 + H98 -> 1695
A99: P207 | B99: Twitter | C99: 45655 | D99: Carousel | E99: Check out our latest carousel on twitter! | F99: 4274 | G99: 340 | H99: 281 | I99: 34192 | J99: 33446 | K99: 129 | L99: #PepsiCoRefresh | M99: #SmoothLikeNitroPepsi | O99: =(F99 + G99 + H99) / I99 -> 0.14316214 | P99: =F99 + G99 + H99 -> 4895
A100: P061 | B100: Twitter | C100: 45540 | D100: Video | E100: Check out our latest video on twitter! | F100: 4886 | G100: 983 | H100: 409 | I100: 43974 | J100: 43239 | K100: 65 | L100: #PepsiCoRefresh | O100: =(F100 + G100 + H100) / I100 -> 0.14276618 | P100: =F100 + G100 + H100 -> 6278
A101: P125 | B101: Twitter | C101: 45543 | D101: Carousel | E101: Check out our latest carousel on twitter! | F101: 3811 | G101: 866 | H101: 216 | I101: 34299 | J101: 34088 | K101: 233 | L101: #PepsiCoRefresh | O101: =(F101 + G101 + H101) / I101 -> 0.14265722 | P101: =F101 + G101 + H101 -> 4893
A102: P272 | B102: Instagram | C102: 45743 | D102: Text | E102: Check out our latest text on instagram! | F102: 4941 | G102: 414 | H102: 266 | I102: 39528 | J102: 39154 | K102: 217 | L102: #PepsiCoRefresh | O102: =(F102 + G102 + H102) / I102 -> 0.142203 | P102: =F102 + G102 + H102 -> 5621
A103: P040 | B103: Twitter | C103: 45723 | D103: Image | E103: Check out our latest image on twitter! | F103: 4750 | G103: 151 | H103: 415 | I103: 38000 | J103: 37792 | K103: 299 | L103: #ThirstyForMore | O103: =(F103 + G103 + H103) / I103 -> 0.13989474 | P103: =F103 + G103 + H103 -> 5316
A104: P299 | B104: Facebook | C104: 45530 | D104: Image | E104: Check out our latest image on facebook! | F104: 2581 | G104: 517 | H104: 117 | I104: 23229 | J104: 22331 | K104: 70 | L104: #LiveForNow | O104: =(F104 + G104 + H104) / I104 -> 0.13840458 | P104: =F104 + G104 + H104 -> 3215
A105: P174 | B105: Facebook | C105: 45465 | D105: Text | E105: Check out our latest text on facebook! | F105: 3828 | G105: 148 | H105: 253 | I105: 30624 | J105: 30229 | K105: 235 | L105: #ThirstyForMore | O105: =(F105 + G105 + H105) / I105 -> 0.13809431 | P105: =F105 + G105 + H105 -> 4229
A106: P104 | B106: YouTube | C106: 45739 | D106: Story | E106: Check out our latest story on youtube! | F106: 3655 | G106: 568 | H106: 286 | I106: 32895 | J106: 32015 | K106: 199 | L106: #PepsiCoRefresh | O106: =(F106 + G106 + H106) / I106 -> 0.1370725 | P106: =F106 + G106 + H106 -> 4509
A107: P195 | B107: Instagram | C107: 45519 | D107: Carousel | E107: Check out our latest carousel on instagram! | F107: 914 | G107: 464 | H107: 246 | I107: 11882 | J107: 11500 | K107: 282 | L107: #LiveForNow | M107: #PepsiCoRefresh | N107: #AnytimeIsPepsiTime | O107: =(F107 + G107 + H107) / I107 -> 0.13667733 | P107: =F107 + G107 + H107 -> 1624
A108: P184 | B108: Twitter | C108: 45501 | D108: Image | E108: Check out our latest image on twitter! | F108: 3215 | G108: 960 | H108: 202 | I108: 32150 | J108: 31404 | K108: 251 | L108: #ThirstyForMore | O108: =(F108 + G108 + H108) / I108 -> 0.13614308 | P108: =F108 + G108 + H108 -> 4377
A109: P092 | B109: Twitter | C109: 45586 | D109: Story | E109: Check out our latest story on twitter! | F109: 3801 | G109: 967 | H109: 401 | I109: 38010 | J109: 37625 | K109: 236 | L109: #LiveForNow | O109: =(F109 + G109 + H109) / I109 -> 0.13599053 | P109: =F109 + G109 + H109 -> 5169
A110: P088 | B110: Facebook | C110: 45480 | D110: Story | E110: Check out our latest story on facebook! | F110: 302 | G110: 47 | H110: 430 | I110: 5738 | J110: 4890 | K110: 25 | L110: #PepsiCoRefresh | O110: =(F110 + G110 + H110) / I110 -> 0.13576159 | P110: =F110 + G110 + H110 -> 779
A111: P285 | B111: YouTube | C111: 45491 | D111: Text | E111: Check out our latest text on youtube! | F111: 4021 | G111: 794 | H111: 77 | I111: 36189 | J111: 35505 | K111: 174 | L111: #ThirstyForMore | O111: =(F111 + G111 + H111) / I111 -> 0.1351792 | P111: =F111 + G111 + H111 -> 4892
A112: P050 | B112: YouTube | C112: 45476 | D112: Story | E112: Check out our latest story on youtube! | F112: 2754 | G112: 130 | H112: 90 | I112: 22032 | J112: 21288 | K112: 112 | L112: #PepsiCoRefresh | O112: =(F112 + G112 + H112) / I112 -> 0.13498548 | P112: =F112 + G112 + H112 -> 2974
A113: P132 | B113: Instagram | C113: 45720 | D113: Story | E113: Check out our latest story on instagram! | F113: 1947 | G113: 842 | H113: 101 | I113: 21417 | J113: 20967 | K113: 186 | L113: #LiveForNow | O113: =(F113 + G113 + H113) / I113 -> 0.13493953 | P113: =F113 + G113 + H113 -> 2890
A114: P229 | B114: Instagram | C114: 45476 | D114: Carousel | E114: Check out our latest carousel on instagram! | F114: 4799 | G114: 694 | H114: 289 | I114: 43191 | J114: 42228 | K114: 118 | L114: #PepsiCoRefresh | O114: =(F114 + G114 + H114) / I114 -> 0.13387048 | P114: =F114 + G114 + H114 -> 5782
A115: P074 | B115: YouTube | C115: 45593 | D115: Reel | E115: Check out our latest reel on youtube! | F115: 1855 | G115: 200 | H115: 174 | I115: 16695 | J115: 16330 | K115: 123 | L115: #PepsiCoRefresh | O115: =(F115 + G115 + H115) / I115 -> 0.13351303 | P115: =F115 + G115 + H115 -> 2229
A116: P254 | B116: Twitter | C116: 45671 | D116: Image | E116: Check out our latest image on twitter! | F116: 2692 | G116: 115 | H116: 64 | I116: 21536 | J116: 21120 | K116: 224 | L116: #LiveForNow | O116: =(F116 + G116 + H116) / I116 -> 0.13331166 | P116: =F116 + G116 + H116 -> 2871
A117: P131 | B117: Instagram | C117: 45586 | D117: Reel | E117: Check out our latest reel on instagram! | F117: 4840 | G117: 658 | H117: 211 | I117: 43560 | J117: 43225 | K117: 57 | L117: #LiveForNow | O117: =(F117 + G117 + H117) / I117 -> 0.13106061 | P117: =F117 + G117 + H117 -> 5709
A118: P236 | B118: Facebook | C118: 45523 | D118: Text | E118: Check out our latest text on facebook! | F118: 1257 | G118: 19 | H118: 351 | I118: 12570 | J118: 11660 | K118: 194 | L118: #LiveForNow | M118: #AnytimeIsPepsiTime | N118: #ThirstyForMore | O118: =(F118 + G118 + H118) / I118 -> 0.12943516 | P118: =F118 + G118 + H118 -> 1627
A119: P114 | B119: Twitter | C119: 45610 | D119: Story | E119: Check out our latest story on twitter! | F119: 4000 | G119: 689 | H119: 488 | I119: 40000 | J119: 39569 | K119: 44 | L119: #LiveForNow | O119: =(F119 + G119 + H119) / I119 -> 0.129425 | P119: =F119 + G119 + H119 -> 5177
A120: P056 | B120: Facebook | C120: 45644 | D120: Carousel | E120: Check out our latest carousel on facebook! | F120: 2946 | G120: 498 | H120: 367 | I120: 29460 | J120: 28527 | K120: 60 | L120: #LiveForNow | O120: =(F120 + G120 + H120) / I120 -> 0.12936185 | P120: =F120 + G120 + H120 -> 3811
A121: P105 | B121: Instagram | C121: 45457 | D121: Carousel | E121: Check out our latest carousel on instagram! | F121: 498 | G121: 38 | H121: 42 | I121: 4482 | J121: 3647 | K121: 32 | L121: #LiveForNow | O121: =(F121 + G121 + H121) / I121 -> 0.12896029 | P121: =F121 + G121 + H121 -> 578
A122: P012 | B122: Facebook | C122: 45494 | D122: Reel | E122: Check out our latest reel on facebook! | F122: 1946 | G122: 686 | H122: 377 | I122: 23352 | J122: 22982 | K122: 213 | L122: #LiveForNow | O122: =(F122 + G122 + H122) / I122 -> 0.12885406 | P122: =F122 + G122 + H122 -> 3009
A123: P235 | B123: Facebook | C123: 45648 | D123: Image | E123: Check out our latest image on facebook! | F123: 3196 | G123: 941 | H123: 376 | I123: 35156 | J123: 34444 | K123: 241 | L123: #PepsiCoRefresh | O123: =(F123 + G123 + H123) / I123 -> 0.12837069 | P123: =F123 + G123 + H123 -> 4513
A124: P033 | B124: Facebook | C124: 45525 | D124: Image | E124: Check out our latest image on facebook! | F124: 1407 | G124: 400 | H124: 351 | I124: 16884 | J124: 15954 | K124: 113 | L124: #PepsiCoRefresh | O124: =(F124 + G124 + H124) / I124 -> 0.12781331 | P124: =F124 + G124 + H124 -> 2158
A125: P038 | B125: YouTube | C125: 45705 | D125: Reel | E125: Check out our latest reel on youtube! | F125: 3138 | G125: 123 | H125: 291 | I125: 28242 | J125: 27550 | K125: 87 | L125: #PepsiCoRefresh | O125: =(F125 + G125 + H125) / I125 -> 0.12577013 | P125: =F125 + G125 + H125 -> 3552
A126: P196 | B126: Instagram | C126: 45645 | D126: Text | E126: Check out our latest text on instagram! | F126: 1813 | G126: 623 | H126: 72 | I126: 19943 | J126: 18959 | K126: 85 | L126: #ThirstyForMore | O126: =(F126 + G126 + H126) / I126 -> 0.12575841 | P126: =F126 + G126 + H126 -> 2508
A127: P128 | B127: Twitter | C127: 45667 | D127: Image | E127: Check out our latest image on twitter! | F127: 3092 | G127: 106 | H127: 291 | I127: 27828 | J127: 27217 | K127: 102 | L127: #LiveForNow | O127: =(F127 + G127 + H127) / I127 -> 0.12537732 | P127: =F127 + G127 + H127 -> 3489
A128: P169 | B128: YouTube | C128: 45629 | D128: Video | E128: Check out our latest video on youtube! | F128: 3809 | G128: 273 | H128: 200 | I128: 34281 | J128: 33534 | K128: 83 | L128: #ThirstyForMore | O128: =(F128 + G128 + H128) / I128 -> 0.12490884 | P128: =F128 + G128 + H128 -> 4282
A129: P293 | B129: Facebook | C129: 45791 | D129: Text | E129: Check out our latest text on facebook! | F129: 2634 | G129: 726 | H129: 241 | I129: 28974 | J129: 28102 | K129: 277 | L129: #ThirstyForMore | O129: =(F129 + G129 + H129) / I129 -> 0.12428384 | P129: =F129 + G129 + H129 -> 3601
A130: P292 | B130: Facebook | C130: 45613 | D130: Text | E130: Check out our latest text on facebook! | F130: 880 | G130: 297 | H130: 345 | I130: 12320 | J130: 11978 | K130: 238 | L130: #PepsiCoRefresh | M130: #AnytimeIsPepsiTime | O130: =(F130 + G130 + H130) / I130 -> 0.12353896 | P130: =F130 + G130 + H130 -> 1522
A131: P212 | B131: YouTube | C131: 45719 | D131: Video | E131: Check out our latest video on youtube! | F131: 3874 | G131: 884 | H131: 19 | I131: 38740 | J131: 38552 | K131: 219 | L131: #PepsiCoRefresh | O131: =(F131 + G131 + H131) / I131 -> 0.12330924 | P131: =F131 + G131 + H131 -> 4777
A132: P110 | B132: Instagram | C132: 45502 | D132: Reel | E132: Check out our latest reel on instagram! | F132: 3523 | G132: 753 | H132: 482 | I132: 38753 | J132: 38579 | K132: 270 | L132: #ThirstyForMore | O132: =(F132 + G132 + H132) / I132 -> 0.12277759 | P132: =F132 + G132 + H132 -> 4758
A133: P245 | B133: Facebook | C133: 45669 | D133: Reel | E133: Check out our latest reel on facebook! | F133: 4134 | G133: 824 | H133: 99 | I133: 41340 | J133: 41050 | K133: 177 | L133: #ThirstyForMore | O133: =(F133 + G133 + H133) / I133 -> 0.12232704 | P133: =F133 + G133 + H133 -> 5057
A134: P075 | B134: Instagram | C134: 45505 | D134: Reel | E134: Check out our latest reel on instagram! | F134: 1674 | G134: 929 | H134: 37 | I134: 21762 | J134: 20998 | K134: 255 | L134: #PepsiCoRefresh | O134: =(F134 + G134 + H134) / I134 -> 0.12131238 | P134: =F134 + G134 + H134 -> 2640
A135: P255 | B135: Facebook | C135: 45750 | D135: Story | E135: Check out our latest story on facebook! | F135: 3767 | G135: 514 | H135: 238 | I135: 37670 | J135: 36807 | K135: 226 | L135: #LiveForNow | O135: =(F135 + G135 + H135) / I135 -> 0.11996284 | P135: =F135 + G135 + H135 -> 4519
A136: P071 | B136: YouTube | C136: 45537 | D136: Carousel | E136: Check out our latest carousel on youtube! | F136: 2551 | G136: 915 | H136: 205 | I136: 30612 | J136: 30360 | K136: 227 | L136: #PepsiCoRefresh | O136: =(F136 + G136 + H136) / I136 -> 0.11992029 | P136: =F136 + G136 + H136 -> 3671
A137: P065 | B137: Instagram | C137: 45744 | D137: Story | E137: Check out our latest story on instagram! | F137: 1881 | G137: 501 | H137: 99 | I137: 20691 | J137: 19987 | K137: 289 | L137: #ThirstyForMore | O137: =(F137 + G137 + H137) / I137 -> 0.11990721 | P137: =F137 + G137 + H137 -> 2481
A138: P247 | B138: Facebook | C138: 45531 | D138: Reel | E138: Check out our latest reel on facebook! | F138: 3960 | G138: 266 | H138: 8 | I138: 35640 | J138: 34850 | K138: 208 | L138: #LiveForNow | M138: #ThirstyForMore | N138: #BetterWithPepsi | O138: =(F138 + G138 + H138) / I138 -> 0.1187991 | P138: =F138 + G138 + H138 -> 4234
A139: P035 | B139: Instagram | C139: 45626 | D139: Video | E139: Check out our latest video on instagram! | F139: 3775 | G139: 16 | H139: 239 | I139: 33975 | J139: 33310 | K139: 271 | L139: #LiveForNow | O139: =(F139 + G139 + H139) / I139 -> 0.11861663 | P139: =F139 + G139 + H139 -> 4030
A140: P117 | B140: Twitter | C140: 45600 | D140: Image | E140: Check out our latest image on twitter! | F140: 1606 | G140: 451 | H140: 405 | I140: 20878 | J140: 20190 | K140: 219 | L140: #ThirstyForMore | O140: =(F140 + G140 + H140) / I140 -> 0.11792317 | P140: =F140 + G140 + H140 -> 2462
...

Sheet Task3-1 Pivot Table
A1: Platform | B1: SUM of Total Engagement = Likes + Shares + Comments
A2: Facebook | B2: 305242
A3: Instagram | B3: 263579
A4: Twitter | B4: 256005
A5: YouTube | B5: 212941
A6: Grand Total | B6: 1037767
D26: Insights:Based on the pie chart visualization of total engagement (likes + shares + comments), Facebook emerged as the top-performing platform with over 305,000 total engagements, followed by Instagram (263,579) and Twitter (256,005). YouTube had the lowest total engagement at 212,941. This suggests that Facebook is highly effective in driving interactions and user engagement, making it a strong platform for brand visibility and community engagement efforts. However, Instagram and Twitter are not far behind and also contribute significantly to overall engagement.

Sheet Task3-2 
A1: Week_Start_Date | B1: Platform | C1: New_Followers | D1: Unfollows | E1: Total_Followers | F1: Engagement_Rate | G1: Ad_Spend | H1: Growth Rate % | I1: Engagement per Rupee
A2: 45446 | B2: Instagram | C2: 1135 | D2: 88 | E2: 344084 | F2: 8.06 | G2: 5904 | H2: =((C2 - D2) / E2) * 100 -> 0.30428616 | I2: =F2 / G2 -> 0.0013651762
A3: 45446 | B3: Facebook | C3: 1312 | D3: 310 | E3: 42654 | F3: 4.98 | G3: 9566 | H3: =((C3 - D3) / E3) * 100 -> 2.3491349 | I3: =F3 / G3 -> 0.00052059377
A4: 45446 | B4: Twitter | C4: 584 | D4: 169 | E4: 146834 | F4: 8.31 | G4: 26752 | H4: =((C4 - D4) / E4) * 100 -> 0.28263209 | I4: =F4 / G4 -> 0.00031063098
A5: 45446 | B5: YouTube | C5: 1535 | D5: 445 | E5: 395536 | F5: 4.11 | G5: 30671 | H5: =((C5 - D5) / E5) * 100 -> 0.27557542 | I5: =F5 / G5 -> 0.0001340028
A6: 45453 | B6: Instagram | C6: 656 | D6: 139 | E6: 49157 | F6: 9.05 | G6: 9920 | H6: =((C6 - D6) / E6) * 100 -> 1.0517322 | I6: =F6 / G6 -> 0.00091229839
A7: 45453 | B7: Facebook | C7: 1697 | D7: 414 | E7: 316555 | F7: 2.37 | G7: 7924 | H7: =((C7 - D7) / E7) * 100 -> 0.40530082 | I7: =F7 / G7 -> 0.00029909137
A8: 45453 | B8: Twitter | C8: 436 | D8: 250 | E8: 254347 | F8: 4.01 | G8: 8912 | H8: =((C8 - D8) / E8) * 100 -> 0.073128443 | I8: =F8 / G8 -> 0.00044995512
A9: 45453 | B9: YouTube | C9: 1197 | D9: 203 | E9: 413878 | F9: 3.16 | G9: 21205 | H9: =((C9 - D9) / E9) * 100 -> 0.24016739 | I9: =F9 / G9 -> 0.00014902146
A10: 45460 | B10: Instagram | C10: 1048 | D10: 155 | E10: 456946 | F10: 2.46 | G10: 11329 | H10: =((C10 - D10) / E10) * 100 -> 0.19542791 | I10: =F10 / G10 -> 0.00021714185
A11: 45460 | B11: Facebook | C11: 1753 | D11: 371 | E11: 169496 | F11: 8.11 | G11: 46670 | H11: =((C11 - D11) / E11) * 100 -> 0.81535847 | I11: =F11 / G11 -> 0.0001737733
A12: 45460 | B12: Twitter | C12: 1335 | D12: 40 | E12: 122732 | F12: 8.19 | G12: 22482 | H12: =((C12 - D12) / E12) * 100 -> 1.0551445 | I12: =F12 / G12 -> 0.00036429143
A13: 45460 | B13: YouTube | C13: 403 | D13: 66 | E13: 382851 | F13: 3.49 | G13: 24313 | H13: =((C13 - D13) / E13) * 100 -> 0.0880238 | I13: =F13 / G13 -> 0.00014354461
... A201: 45789 | B201: YouTube | C201: 119 | D201: 456 | E201: 82558 | F201: 6.81 | G201: 12174 | H201: =((C201 - D201) / E201) * 100 -> -0.40819787 | I201: =F201 / G201 -> 0.00055938886

Sheet Task3-2 Pivot Table
A1: Platform | B1: AVERAGE of Growth Rate % | C1: AVERAGE of Engagement per Rupee
A3: Facebook | B3: 0.54649907 | C3: 0.00030899518
A4: Instagram | B4: 0.57625321 | C4: 0.00053203004
A5: Twitter | B5: 0.92800257 | C5: 0.00044517296
A6: YouTube | B6: 0.90210666 | C6: 0.0003278738
A7: Grand Total | B7: 0.73821538 | C7: 0.000403518

Sheet Task3-3 Pivot Table
A1: Campaign Name | B1: Platform | C1: Budget Split | E1: Platform | F1: Total Budget
A2: SummerSplash | B2: Instagram | C2: 75000 | E2: Instagram | F2: =SUMIF(B$2:B$10, E2, C$2:C$10) -> 285000
A3: SummerSplash | B3: Facebook | C3: 75000 | E3: Facebook | F3: =SUMIF(B$2:B$10, E3, C$2:C$10) -> 135000
A4: FestiveRadiance | B4: Instagram | C4: 100000 | E4: Twitter | F4: =SUMIF(B$2:B$10, E4, C$2:C$10) -> 110000
A5: FestiveRadiance | B5: YouTube | C5: 100000 | E5: YouTube | F5: =SUMIF(B$2:B$10, E5, C$2:C$10) -> 100000
A6: NewYearRefresh | B6: Instagram | C6: 60000
A7: NewYearRefresh | B7: Facebook | C7: 60000
A8: NewYearRefresh | B8: Twitter | C8: 60000
A9: DailyWellness | B9: Instagram | C9: 50000
A10: DailyWellness | B10: Twitter | C10: 50000
G36: Insight: Instagram received the largest portion of the budget (₹285,000), indicating it's a primary focus platform. Twitter and Facebook followed. Based on this allocation, Instagram should remain a core platform while others can be optimized based on performance.

Sheet Task4 Hashtag & Content Strateg
A1: Post Id | B1: Platform | C1: Date | D1: Content Type | E1: Post Text | F1: Likes | G1: Shares | H1: Comments | I1: Impressions | J1: Reach | K1: Clicks | L1: Hashtags Used | O1: Hashtags Summary | P1: Total Engagement
A2: P001 | B2: Twitter | C2: 45649 | D2: Reel | E2: Check out our latest reel on twitter! | F2: 1461 | G2: 184 | H2: 344 | I2: 21915 | J2: 21675 | K2: 15 | L2: #LiveForNow | M2: #AnytimeIsPepsiTime | O2: =L2&M2&N2 -> #LiveForNow#AnytimeIsPepsiTime | P2: =F2 + H2 -> 1805
A3: P002 | B3: Twitter | C3: 45750 | D3: Text | E3: Check out our latest text on twitter! | F3: 4054 | G3: 389 | H3: 493 | I3: 64864 | J3: 64383 | K3: 117 | L3: #PepsiCoRefresh | M3: #BetterWithPepsi | O3: =L3&M3&N3 -> #PepsiCoRefresh#BetterWithPepsi | P3: =F3 + H3 -> 4547
A4: P003 | B4: YouTube | C4: 45789 | D4: Reel | E4: Check out our latest reel on youtube! | F4: 2795 | G4: 105 | H4: 49 | I4: 53105 | J4: 52307 | K4: 204 | L4: #PepsiCoRefresh | O4: =L4&M4&N4 -> #PepsiCoRefresh | P4: =F4 + H4 -> 2844
A5: P004 | B5: Instagram | C5: 45516 | D5: Story | E5: Check out our latest story on instagram! | F5: 2404 | G5: 363 | H5: 138 | I5: 19232 | J5: 18636 | K5: 128 | L5: #ThirstyForMore | O5: =L5&M5&N5 -> #ThirstyForMore | P5: =F5 + H5 -> 2542
A6: P005 | B6: YouTube | C6: 45469 | D6: Reel | E6: Check out our latest reel on youtube! | F6: 3557 | G6: 687 | H6: 424 | I6: 71140 | J6: 70701 | K6: 224 | L6: #ThirstyForMore | M6: #PepsiCoRefresh | O6: =L6&M6&N6 -> #ThirstyForMore#PepsiCoRefresh | P6: =F6 + H6 -> 3981
A7: P006 | B7: Facebook | C7: 45596 | D7: Carousel | E7: Check out our latest carousel on facebook! | F7: 2945 | G7: 930 | H7: 355 | I7: 23560 | J7: 23275 | K7: 256 | L7: #PepsiCoRefresh | O7: =L7&M7&N7 -> #PepsiCoRefresh | P7: =F7 + H7 -> 3300
A8: P007 | B8: Twitter | C8: 45467 | D8: Carousel | E8: Check out our latest carousel on twitter! | F8: 3860 | G8: 201 | H8: 279 | I8: 61760 | J8: 61660 | K8: 235 | L8: #PepsiCoRefresh | O8: =L8&M8&N8 -> #PepsiCoRefresh | P8: =F8 + H8 -> 4139
A9: P008 | B9: YouTube | C9: 45486 | D9: Image | E9: Check out our latest image on youtube! | F9: 3929 | G9: 262 | H9: 278 | I9: 43219 | J9: 42841 | K9: 39 | L9: #ThirstyForMore | O9: =L9&M9&N9 -> #ThirstyForMore | P9: =F9 + H9 -> 4207
A10: P009 | B10: Facebook | C10: 45534 | D10: Text | E10: Check out our latest text on facebook! | F10: 3784 | G10: 808 | H10: 404 | I10: 56760 | J10: 56343 | K10: 131 | L10: #PepsiCoRefresh | O10: =L10&M10&N10 -> #PepsiCoRefresh | P10: =F10 + H10 -> 4188
A11: P010 | B11: Facebook | C11: 45727 | D11: Image | E11: Check out our latest image on facebook! | F11: 4241 | G11: 902 | H11: 47 | I11: 72097 | J11: 71598 | K11: 167 | L11: #PepsiCoRefresh | O11: =L11&M11&N11 -> #PepsiCoRefresh | P11: =F11 + H11 -> 4288
A12: P011 | B12: Instagram | C12: 45690 | D12: Story | E12: Check out our latest story on instagram! | F12: 1792 | G12: 614 | H12: 497 | I12: 25088 | J12: 24675 | K12: 65 | L12: #LiveForNow | O12: =L12&M12&N12 -> #LiveForNow | P12: =F12 + H12 -> 2289
A13: P012 | B13: Facebook | C13: 45494 | D13: Reel | E13: Check out our latest reel on facebook! | F13: 1946 | G13: 686 | H13: 377 | I13: 23352 | J13: 22982 | K13: 213 | L13: #LiveForNow | O13: =L13&M13&N13 -> #LiveForNow | P13: =F13 + H13 -> 2323
A14: P013 | B14: YouTube | C14: 45614 | D14: Carousel | E14: Check out our latest carousel on youtube! | F14: 1171 | G14: 286 | H14: 231 | I14: 22249 | J14: 21282 | K14: 114 | L14: #ThirstyForMore | O14: =L14&M14&N14 -> #ThirstyForMore | P14: =F14 + H14 -> 1402
A15: P014 | B15: Facebook | C15: 45704 | D15: Story | E15: Check out our latest story on facebook! | F15: 4242 | G15: 555 | H15: 131 | I15: 33936 | J15: 33802 | K15: 265 | L15: #LiveForNow | O15: =L15&M15&N15 -> #LiveForNow | P15: =F15 + H15 -> 4373
A16: P015 | B16: Facebook | C16: 45589 | D16: Video | E16: Check out our latest video on facebook! | F16: 3888 | G16: 604 | H16: 128 | I16: 77760 | J16: 77167 | K16: 20 | L16: #LiveForNow | O16: =L16&M16&N16 -> #LiveForNow | P16: =F16 + H16 -> 4016
A17: P016 | B17: Facebook | C17: 45530 | D17: Text | E17: Check out our latest text on facebook! | F17: 3452 | G17: 377 | H17: 360 | I17: 55232 | J17: 55075 | K17: 87 | L17: #LiveForNow | O17: =L17&M17&N17 -> #LiveForNow | P17: =F17 + H17 -> 3812
A18: P017 | B18: Facebook | C18: 45782 | D18: Text | E18: Check out our latest text on facebook! | F18: 4441 | G18: 511 | H18: 70 | I18: 53292 | J18: 53082 | K18: 159 | L18: #ThirstyForMore | O18: =L18&M18&N18 -> #ThirstyForMore | P18: =F18 + H18 -> 4511
... A23: P022 | B23: Facebook | C23: 45715 | D23: Text | E23: Check out our latest text on facebook! | F23: 1570 | G23: 187 | H23: 260 | I23: 25120 | J23: 24613 | K23: 133 | L23: #PepsiCoRefresh | O23: =L23&M23&N23 -> #PepsiCoRefresh | P23: =F23 + H23 -> 1830
A24: P023 | B24: Facebook | C24: 45602 | D24: Video | E24: Check out our latest video on facebook! | F24: 1606 | G24: 547 | H24: 316 | I24: 32120 | J24: 31736 | K24: 225 | L24: #PepsiCoRefresh | M24: #AnytimeIsPepsiTime | O24: =L24&M24&N24 -> #PepsiCoRefresh#AnytimeIsPepsiTime | P24: =F24 + H24 -> 1922
A25: P024 | B25: Facebook | C25: 45680 | D25: Video | E25: Check out our latest video on facebook! | F25: 3961 | G25: 761 | H25: 131 | I25: 67337 | J25: 66615 | K25: 161 | L25: #LiveForNow | O25: =L25&M25&N25 -> #LiveForNow | P25: =F25 + H25 -> 4092
A26: P025 | B26: Twitter | C26: 45757 | D26: Carousel | E26: Check out our latest carousel on twitter! | F26: 3128 | G26: 211 | H26: 197 | I26: 59432 | J26: 59182 | K26: 238 | L26: #ThirstyForMore | O26: =L26&M26&N26 -> #ThirstyForMore | P26: =F26 + H26 -> 3325
A27: P026 | B27: YouTube | C27: 45752 | D27: Reel | E27: Check out our latest reel on youtube! | F27: 3009 | G27: 413 | H27: 358 | I27: 42126 | J27: 41309 | K27: 211 | L27: #LiveForNow | O27: =L27&M27&N27 -> #LiveForNow | P27: =F27 + H27 -> 3367
A28: P027 | B28: YouTube | C28: 45552 | D28: Text | E28: Check out our latest text on youtube! | F28: 2076 | G28: 195 | H28: 104 | I28: 33216 | J28: 32244 | K28: 51 | L28: #LiveForNow | O28: =L28&M28&N28 -> #LiveForNow | P28: =F28 + H28 -> 2180
A29: P028 | B29: Instagram | C29: 45720 | D29: Video | E29: Check out our latest video on instagram! | F29: 432 | G29: 624 | H29: 123 | I29: 6912 | J29: 6259 | K29: 79 | L29: #LiveForNow | O29: =L29&M29&N29 -> #LiveForNow | P29: =F29 + H29 -> 555
A30: P029 | B30: Instagram | C30: 45688 | D30: Carousel | E30: Check out our latest carousel on instagram! | F30: 2566 | G30: 118 | H30: 37 | I30: 12830 | J30: 12264 | K30: 221 | L30: #LiveForNow | O30: =L30&M30&N30 -> #LiveForNow | P30: =F30 + H30 -> 2603
A31: P030 | B31: Instagram | C31: 45713 | D31: Video | E31: Check out our latest video on instagram! | F31: 3095 | G31: 39 | H31: 78 | I31: 55710 | J31: 54808 | K31: 93 | L31: #ThirstyForMore | O31: =L31&M31&N31 -> #ThirstyForMore | P31: =F31 + H31 -> 3173
A32: P031 | B32: Instagram | C32: 45642 | D32: Text | E32: Check out our latest text on instagram! | F32: 438 | G32: 153 | H32: 275 | I32: 3066 | J32: 2701 | K32: 282 | L32: #PepsiCoRefresh | O32: =L32&M32&N32 -> #PepsiCoRefresh | P32: =F32 + H32 -> 713
A33: P032 | B33: Twitter | C33: 45504 | D33: Carousel | E33: Check out our latest carousel on twitter! | F33: 2278 | G33: 10 | H33: 321 | I33: 13668 | J33: 12676 | K33: 275 | L33: #ThirstyForMore | O33: =L33&M33&N33 -> #ThirstyForMore | P33: =F33 + H33 -> 2599
A34: P033 | B34: Facebook | C34: 45525 | D34: Image | E34: Check out our latest image on facebook! | F34: 1407 | G34: 400 | H34: 351 | I34: 16884 | J34: 15954 | K34: 113 | L34: #PepsiCoRefresh | O34: =L34&M34&N34 -> #PepsiCoRefresh | P34: =F34 + H34 -> 1758
A35: P034 | B35: Facebook | C35: 45742 | D35: Text | E35: Check out our latest text on facebook! | F35: 1652 | G35: 89 | H35: 357 | I35: 29736 | J35: 28771 | K35: 215 | L35: #PepsiCoRefresh | O35: =L35&M35&N35 -> #PepsiCoRefresh | P35: =F35 + H35 -> 2009
A36: P035 | B36: Instagram | C36: 45626 | D36: Video | E36: Check out our latest video on instagram! | F36: 3775 | G36: 16 | H36: 239 | I36: 33975 | J36: 33310 | K36: 271 | L36: #LiveForNow | O36: =L36&M36&N36 -> #LiveForNow | P36: =F36 + H36 -> 4014
... A53: P052 | B53: Facebook | C53: 45660 | D53: Image | E53: Check out our latest image on facebook! | F53: 947 | G53: 338 | H53: 350 | I53: 10417 | J53: 9730 | K53: 34 | L53: #PepsiCoRefresh | O53: =L53&M53&N53 -> #PepsiCoRefresh | P53: =F53 + H53 -> 1297
A54: P053 | B54: YouTube | C54: 45712 | D54: Carousel | E54: Check out our latest carousel on youtube! | F54: 804 | G54: 639 | H54: 43 | I54: 4020 | J54: 3144 | K54: 11 | L54: #ThirstyForMore | M54: #BetterWithPepsi | O54: =L54&M54&N54 -> #ThirstyForMore#BetterWithPepsi | P54: =F54 + H54 -> 847
A55: P054 | B55: YouTube | C55: 45729 | D55: Carousel | E55: Check out our latest carousel on youtube! | F55: 1686 | G55: 904 | H55: 472 | I55: 18546 | J55: 18171 | K55: 52 | L55: #LiveForNow | O55: =L55&M55&N55 -> #LiveForNow | P55: =F55 + H55 -> 2158
A56: P055 | B56: Facebook | C56: 45460 | D56: Image | E56: Check out our latest image on facebook! | F56: 1226 | G56: 119 | H56: 7 | I56: 14712 | J56: 14049 | K56: 123 | L56: #ThirstyForMore | O56: =L56&M56&N56 -> #ThirstyForMore | P56: =F56 + H56 -> 1233
A57: P056 | B57: Facebook | C57: 45644 | D57: Carousel | E57: Check out our latest carousel on facebook! | F57: 2946 | G57: 498 | H57: 367 | I57: 29460 | J57: 28527 | K57: 60 | L57: #LiveForNow | O57: =L57&M57&N57 -> #LiveForNow | P57: =F57 + H57 -> 3313
A58: P057 | B58: Twitter | C58: 45586 | D58: Video | E58: Check out our latest video on twitter! | F58: 2825 | G58: 535 | H58: 295 | I58: 45200 | J58: 44739 | K58: 169 | L58: #PepsiCoRefresh | O58: =L58&M58&N58 -> #PepsiCoRefresh | P58: =F58 + H58 -> 3120
A59: P058 | B59: Instagram | C59: 45762 | D59: Reel | E59: Check out our latest reel on instagram! | F59: 103 | G59: 770 | H59: 19 | I59: 1030 | J59: 410 | K59: 262 | L59: #PepsiCoRefresh | O59: =L59&M59&N59 -> #PepsiCoRefresh | P59: =F59 + H59 -> 122
A60: P059 | B60: Instagram | C60: 45465 | D60: Text | E60: Check out our latest text on instagram! | F60: 2180 | G60: 263 | H60: 387 | I60: 30520 | J60: 30059 | K60: 174 | L60: #ThirstyForMore | O60: =L60&M60&N60 -> #ThirstyForMore | P60: =F60 + H60 -> 2567
A61: P060 | B61: Instagram | C61: 45685 | D61: Video | E61: Check out our latest video on instagram! | F61: 904 | G61: 973 | H61: 63 | I61: 11752 | J61: 11580 | K61: 84 | L61: #ThirstyForMore | M61: #PepsiCoRefresh | N61: #AnytimeIsPepsiTime | O61: =L61&M61&N61 -> #ThirstyForMore#PepsiCoRefresh#AnytimeIsPepsiTime | P61: =F61 + H61 -> 967
A62: P061 | B62: Twitter | C62: 45540 | D62: Video | E62: Check out our latest video on twitter! | F62: 4886 | G62: 983 | H62: 409 | I62: 43974 | J62: 43239 | K62: 65 | L62: #PepsiCoRefresh | O62: =L62&M62&N62 -> #PepsiCoRefresh | P62: =F62 + H62 -> 5295
A63: P062 | B63: Twitter | C63: 45618 | D63: Carousel | E63: Check out our latest carousel on twitter! | F63: 53 | G63: 81 | H63: 379 | I63: 954 | J63: 7 | K63: 148 | L63: #PepsiCoRefresh | O63: =L63&M63&N63 -> #PepsiCoRefresh | P63: =F63 + H63 -> 432
A64: P063 | B64: Twitter | C64: 45504 | D64: Carousel | E64: Check out our latest carousel on twitter! | F64: 4507 | G64: 217 | H64: 13 | I64: 90140 | J64: 89591 | K64: 125 | L64: #LiveForNow | O64: =L64&M64&N64 -> #LiveForNow | P64: =F64 + H64 -> 4520
A65: P064 | B65: Facebook | C65: 45521 | D65: Image | E65: Check out our latest image on facebook! | F65: 2878 | G65: 248 | H65: 416 | I65: 43170 | J65: 42667 | K65: 75 | L65: #LiveForNow | O65: =L65&M65&N65 -> #LiveForNow | P65: =F65 + H65 -> 3294
A66: P065 | B66: Instagram | C66: 45744 | D66: Story | E66: Check out our latest story on instagram! | F66: 1881 | G66: 501 | H66: 99 | I66: 20691 | J66: 19987 | K66: 289 | L66: #ThirstyForMore | O66: =L66&M66&N66 -> #ThirstyForMore | P66: =F66 + H66 -> 1980
A67: P066 | B67: Twitter | C67: 45499 | D67: Carousel | E67: Check out our latest carousel on twitter! | F67: 432 | G67: 171 | H67: 280 | I67: 3024 | J67: 2285 | K67: 184 | L67: #ThirstyForMore | O67: =L67&M67&N67 -> #ThirstyForMore | P67: =F67 + H67 -> 712
A68: P067 | B68: Facebook | C68: 45745 | D68: Carousel | E68: Check out our latest carousel on facebook! | F68: 4712 | G68: 568 | H68: 127 | I68: 84816 | J68: 84691 | K68: 100 | L68: #ThirstyForMore | O68: =L68&M68&N68 -> #ThirstyForMore | P68: =F68 + H68 -> 4839
A69: P068 | B69: Instagram | C69: 45634 | D69: Story | E69: Check out our latest story on instagram! | F69: 2610 | G69: 126 | H69: 288 | I69: 15660 | J69: 15145 | K69: 73 | L69: #ThirstyForMore | O69: =L69&M69&N69 -> #ThirstyForMore | P69: =F69 + H69 -> 2898
A70: P069 | B70: Twitter | C70: 45724 | D70: Text | E70: Check out our latest text on twitter! | F70: 1292 | G70: 626 | H70: 496 | I70: 25840 | J70: 24916 | K70: 149 | L70: #LiveForNow | O70: =L70&M70&N70 -> #LiveForNow | P70: =F70 + H70 -> 1788
A71: P070 | B71: Facebook | C71: 45749 | D71: Video | E71: Check out our latest video on facebook! | F71: 199 | G71: 772 | H71: 400 | I71: 3582 | J71: 2988 | K71: 43 | L71: #PepsiCoRefresh | O71: =L71&M71&N71 -> #PepsiCoRefresh | P71: =F71 + H71 -> 599
A72: P071 | B72: YouTube | C72: 45537 | D72: Carousel | E72: Check out our latest carousel on youtube! | F72: 2551 | G72: 915 | H72: 205 | I72: 30612 | J72: 30360 | K72: 227 | L72: #PepsiCoRefresh | O72: =L72&M72&N72 -> #PepsiCoRefresh | P72: =F72 + H72 -> 2756
A73: P072 | B73: YouTube | C73: 45719 | D73: Reel | E73: Check out our latest reel on youtube! | F73: 296 | G73: 60 | H73: 141 | I73: 5624 | J73: 5239 | K73: 88 | L73: #ThirstyForMore | O73: =L73&M73&N73 -> #ThirstyForMore | P73: =F73 + H73 -> 437
... A82: P081 | B82: Instagram | C82: 45584 | D82: Story | E82: Check out our latest story on instagram! | F82: 1816 | G82: 29 | H82: 41 | I82: 19976 | J82: 19262 | K82: 283 | L82: #PepsiCoRefresh | O82: =L82&M82&N82 -> #PepsiCoRefresh | P82: =F82 + H82 -> 1857
A83: P082 | B83: Instagram | C83: 45497 | D83: Image | E83: Check out our latest image on instagram! | F83: 725 | G83: 88 | H83: 428 | I83: 14500 | J83: 13637 | K83: 200 | L83: #LiveForNow | M83: #PepsiCoRefresh | N83: #AnytimeIsPepsiTime | O83: =L83&M83&N83 -> #LiveForNow#PepsiCoRefresh#AnytimeIsPepsiTime | P83: =F83 + H83 -> 1153
A84: P083 | B84: YouTube | C84: 45580 | D84: Video | E84: Check out our latest video on youtube! | F84: 1094 | G84: 472 | H84: 21 | I84: 9846 | J84: 9609 | K84: 112 | L84: #ThirstyForMore | O84: =L84&M84&N84 -> #ThirstyForMore | P84: =F84 + H84 -> 1115
A85: P084 | B85: Facebook | C85: 45635 | D85: Image | E85: Check out our latest image on facebook! | F85: 1841 | G85: 851 | H85: 342 | I85: 34979 | J85: 34154 | K85: 255 | L85: #LiveForNow | O85: =L85&M85&N85 -> #LiveForNow | P85: =F85 + H85 -> 2183
A86: P085 | B86: Instagram | C86: 45766 | D86: Image | E86: Check out our latest image on instagram! | F86: 4177 | G86: 569 | H86: 55 | I86: 25062 | J86: 24847 | K86: 230 | L86: #LiveForNow | O86: =L86&M86&N86 -> #LiveForNow | P86: =F86 + H86 -> 4232
A87: P086 | B87: YouTube | C87: 45684 | D87: Text | E87: Check out our latest text on youtube! | F87: 3428 | G87: 305 | H87: 85 | I87: 58276 | J87: 58052 | K87: 242 | L87: #ThirstyForMore | M87: #BetterWithPepsi | O87: =L87&M87&N87 -> #ThirstyForMore#BetterWithPepsi | P87: =F87 + H87 -> 3513
A88: P087 | B88: Twitter | C88: 45449 | D88: Video | E88: Check out our latest video on twitter! | F88: 1436 | G88: 765 | H88: 496 | I88: 12924 | J88: 12701 | K88: 197 | L88: #LiveForNow | O88: =L88&M88&N88 -> #LiveForNow | P88: =F88 + H88 -> 1932
A89: P088 | B89: Facebook | C89: 45480 | D89: Story | E89: Check out our latest story on facebook! | F89: 302 | G89: 47 | H89: 430 | I89: 5738 | J89: 4890 | K89: 25 | L89: #PepsiCoRefresh | O89: =L89&M89&N89 -> #PepsiCoRefresh | P89: =F89 + H89 -> 732
A90: P089 | B90: Twitter | C90: 45667 | D90: Image | E90: Check out our latest image on twitter! | F90: 2214 | G90: 249 | H90: 152 | I90: 15498 | J90: 14800 | K90: 180 | L90: #ThirstyForMore | O90: =L90&M90&N90 -> #ThirstyForMore | P90: =F90 + H90 -> 2366
A91: P090 | B91: Instagram | C91: 45446 | D91: Image | E91: Check out our latest image on instagram! | F91: 3861 | G91: 960 | H91: 101 | I91: 69498 | J91: 68817 | K91: 297 | L91: #PepsiCoRefresh | O91: =L91&M91&N91 -> #PepsiCoRefresh | P91: =F91 + H91 -> 3962
A92: P091 | B92: Facebook | C92: 45740 | D92: Image | E92: Check out our latest image on facebook! | F92: 1263 | G92: 397 | H92: 357 | I92: 25260 | J92: 24615 | K92: 137 | L92: #ThirstyForMore | O92: =L92&M92&N92 -> #ThirstyForMore | P92: =F92 + H92 -> 1620
A93: P092 | B93: Twitter | C93: 45586 | D93: Story | E93: Check out our latest story on twitter! | F93: 3801 | G93: 967 | H93: 401 | I93: 38010 | J93: 37625 | K93: 236 | L93: #LiveForNow | O93: =L93&M93&N93 -> #LiveForNow | P93: =F93 + H93 -> 4202
A94: P093 | B94: Instagram | C94: 45637 | D94: Video | E94: Check out our latest video on instagram! | F94: 1431 | G94: 951 | H94: 26 | I94: 8586 | J94: 8396 | K94: 150 | L94: #ThirstyForMore | O94: =L94&M94&N94 -> #ThirstyForMore | P94: =F94 + H94 -> 1457
A95: P094 | B95: Instagram | C95: 45603 | D95: Image | E95: Check out our latest image on instagram! | F95: 2647 | G95: 304 | H95: 170 | I95: 18529 | J95: 17841 | K95: 46 | L95: #LiveForNow | O95: =L95&M95&N95 -> #LiveForNow | P95: =F95 + H95 -> 2817
A96: P095 | B96: Instagram | C96: 45604 | D96: Text | E96: Check out our latest text on instagram! | F96: 3182 | G96: 559 | H96: 160 | I96: 57276 | J96: 56890 | K96: 163 | L96: #LiveForNow | O96: =L96&M96&N96 -> #LiveForNow | P96: =F96 + H96 -> 3342
A97: P096 | B97: Twitter | C97: 45545 | D97: Image | E97: Check out our latest image on twitter! | F97: 1238 | G97: 366 | H97: 444 | I97: 19808 | J97: 19334 | K97: 123 | L97: #LiveForNow | O97: =L97&M97&N97 -> #LiveForNow | P97: =F97 + H97 -> 1682
A98: P097 | B98: Instagram | C98: 45517 | D98: Image | E98: Check out our latest image on instagram! | F98: 4739 | G98: 527 | H98: 135 | I98: 61607 | J98: 61333 | K98: 36 | L98: #PepsiCoRefresh | M98: #AnytimeIsPepsiTime | O98: =L98&M98&N98 -> #PepsiCoRefresh#AnytimeIsPepsiTime | P98: =F98 + H98 -> 4874
A99: P098 | B99: Twitter | C99: 45453 | D99: Story | E99: Check out our latest story on twitter! | F99: 1575 | G99: 771 | H99: 486 | I99: 25200 | J99: 24826 | K99: 17 | L99: #LiveForNow | O99: =L99&M99&N99 -> #LiveForNow | P99: =F99 + H99 -> 2061
A100: P099 | B100: YouTube | C100: 45475 | D100: Carousel | E100: Check out our latest carousel on youtube! | F100: 4171 | G100: 548 | H100: 86 | I100: 66736 | J100: 66634 | K100: 173 | L100: #LiveForNow | O100: =L100&M100&N100 -> #LiveForNow | P100: =F100 + H100 -> 4257
A101: P100 | B101: YouTube | C101: 45698 | D101: Video | E101: Check out our latest video on youtube! | F101: 1766 | G101: 92 | H101: 424 | I101: 24724 | J101: 24333 | K101: 52 | L101: #ThirstyForMore | O101: =L101&M101&N101 -> #ThirstyForMore | P101: =F101 + H101 -> 2190
A102: P101 | B102: YouTube | C102: 45583 | D102: Video | E102: Check out our latest video on youtube! | F102: 4450 | G102: 983 | H102: 143 | I102: 75650 | J102: 75008 | K102: 12 | L102: #LiveForNow | O102: =L102&M102&N102 -> #LiveForNow | P102: =F102 + H102 -> 4593
A103: P102 | B103: Twitter | C103: 45553 | D103: Reel | E103: Check out our latest reel on twitter! | F103: 1000 | G103: 978 | H103: 162 | I103: 6000 | J103: 5221 | K103: 223 | L103: #ThirstyForMore | O103: =L103&M103&N103 -> #ThirstyForMore | P103: =F103 + H103 -> 1162
A104: P103 | B104: Facebook | C104: 45454 | D104: Image | E104: Check out our latest image on facebook! | F104: 3689 | G104: 48 | H104: 306 | I104: 40579 | J104: 39588 | K104: 212 | L104: #ThirstyForMore | O104: =L104&M104&N104 -> #ThirstyForMore | P104: =F104 + H104 -> 3995
A105: P104 | B105: YouTube | C105: 45739 | D105: Story | E105: Check out our latest story on youtube! | F105: 3655 | G105: 568 | H105: 286 | I105: 32895 | J105: 32015 | K105: 199 | L105: #PepsiCoRefresh | O105: =L105&M105&N105 -> #PepsiCoRefresh | P105: =F105 + H105 -> 3941
A106: P105 | B106: Instagram | C106: 45457 | D106: Carousel | E106: Check out our latest carousel on instagram! | F106: 498 | G106: 38 | H106: 42 | I106: 4482 | J106: 3647 | K106: 32 | L106: #LiveForNow | O106: =L106&M106&N106 -> #LiveForNow | P106: =F106 + H106 -> 540
A107: P106 | B107: Instagram | C107: 45692 | D107: Image | E107: Check out our latest image on instagram! | F107: 4619 | G107: 821 | H107: 499 | I107: 69285 | J107: 69141 | K107: 298 | L107: #PepsiCoRefresh | O107: =L107&M107&N107 -> #PepsiCoRefresh | P107: =F107 + H107 -> 5118
A108: P107 | B108: YouTube | C108: 45464 | D108: Image | E108: Check out our latest image on youtube! | F108: 4832 | G108: 893 | H108: 10 | I108: 91808 | J108: 91296 | K108: 182 | L108: #PepsiCoRefresh | O108: =L108&M108&N108 -> #PepsiCoRefresh | P108: =F108 + H108 -> 4842
A109: P108 | B109: Twitter | C109: 45741 | D109: Video | E109: Check out our latest video on twitter! | F109: 4050 | G109: 871 | H109: 347 | I109: 52650 | J109: 51755 | K109: 209 | L109: #PepsiCoRefresh | O109: =L109&M109&N109 -> #PepsiCoRefresh | P109: =F109 + H109 -> 4397
A110: P109 | B110: Twitter | C110: 45512 | D110: Story | E110: Check out our latest story on twitter! | F110: 3649 | G110: 215 | H110: 413 | I110: 25543 | J110: 24963 | K110: 167 | L110: #LiveForNow | O110: =L110&M110&N110 -> #LiveForNow | P110: =F110 + H110 -> 4062
... A115: P114 | B115: Twitter | C115: 45610 | D115: Story | E115: Check out our latest story on twitter! | F115: 4000 | G115: 689 | H115: 488 | I115: 40000 | J115: 39569 | K115: 44 | L115: #LiveForNow | O115: =L115&M115&N115 -> #LiveForNow | P115: =F115 + H115 -> 4488
A116: P115 | B116: Twitter | C116: 45788 | D116: Image | E116: Check out our latest image on twitter! | F116: 2493 | G116: 97 | H116: 44 | I116: 42381 | J116: 41991 | K116: 242 | L116: #PepsiCoRefresh | M116: #AnytimeIsPepsiTime | O116: =L116&M116&N116 -> #PepsiCoRefresh#AnytimeIsPepsiTime | P116: =F116 + H116 -> 2537
A117: P116 | B117: YouTube | C117: 45734 | D117: Reel | E117: Check out our latest reel on youtube! | F117: 3704 | G117: 186 | H117: 458 | I117: 25928 | J117: 25081 | K117: 131 | L117: #PepsiCoRefresh | O117: =L117&M117&N117 -> #PepsiCoRefresh | P117: =F117 + H117 -> 4162
A118: P117 | B118: Twitter | C118: 45600 | D118: Image | E118: Check out our latest image on twitter! | F118: 1606 | G118: 451 | H118: 405 | I118: 20878 | J118: 20190 | K118: 219 | L118: #ThirstyForMore | O118: =L118&M118&N118 -> #ThirstyForMore | P118: =F118 + H118 -> 2011
A119: P118 | B119: Facebook | C119: 45600 | D119: Image | E119: Check out our latest image on facebook! | F119: 4551 | G119: 714 | H119: 207 | I119: 68265 | J119: 67754 | K119: 57 | L119: #LiveForNow | O119: =L119&M119&N119 -> #LiveForNow | P119: =F119 + H119 -> 4758
A120: P119 | B120: Instagram | C120: 45695 | D120: Reel | E120: Check out our latest reel on instagram! | F120: 1970 | G120: 675 | H120: 478 | I120: 9850 | J120: 8924 | K120: 117 | L120: #LiveForNow | O120: =L120&M120&N120 -> #LiveForNow | P120: =F120 + H120 -> 2448
A121: P120 | B121: Facebook | C121: 45586 | D121: Story | E121: Check out our latest story on facebook! | F121: 780 | G121: 928 | H121: 301 | I121: 8580 | J121: 8081 | K121: 91 | L121: #ThirstyForMore | O121: =L121&M121&N121 -> #ThirstyForMore | P121: =F121 + H121 -> 1081
A122: P121 | B122: Instagram | C122: 45502 | D122: Story | E122: Check out our latest story on instagram! | F122: 498 | G122: 701 | H122: 412 | I122: 4980 | J122: 4185 | K122: 185 | L122: #LiveForNow | O122: =L122&M122&N122 -> #LiveForNow | P122: =F122 + H122 -> 910
A123: P122 | B123: Instagram | C123: 45567 | D123: Text | E123: Check out our latest text on instagram! | F123: 3432 | G123: 869 | H123: 123 | I123: 54912 | J123: 53916 | K123: 264 | L123: #ThirstyForMore | O123: =L123&M123&N123 -> #ThirstyForMore | P123: =F123 + H123 -> 3555
A124: P123 | B124: Instagram | C124: 45457 | D124: Story | E124: Check out our latest story on instagram! | F124: 4363 | G124: 649 | H124: 140 | I124: 21815 | J124: 21481 | K124: 157 | L124: #ThirstyForMore | O124: =L124&M124&N124 -> #ThirstyForMore | P124: =F124 + H124 -> 4503
A125: P124 | B125: YouTube | C125: 45753 | D125: Carousel | E125: Check out our latest carousel on youtube! | F125: 736 | G125: 771 | H125: 225 | I125: 5152 | J125: 4706 | K125: 19 | L125: #ThirstyForMore | O125: =L125&M125&N125 -> #ThirstyForMore | P125: =F125 + H125 -> 961
A126: P125 | B126: Twitter | C126: 45543 | D126: Carousel | E126: Check out our latest carousel on twitter! | F126: 3811 | G126: 866 | H126: 216 | I126: 34299 | J126: 34088 | K126: 233 | L126: #PepsiCoRefresh | O126: =L126&M126&N126 -> #PepsiCoRefresh | P126: =F126 + H126 -> 4027
A127: P126 | B127: Instagram | C127: 45744 | D127: Carousel | E127: Check out our latest carousel on instagram! | F127: 4158 | G127: 167 | H127: 241 | I127: 45738 | J127: 45183 | K127: 142 | L127: #LiveForNow | O127: =L127&M127&N127 -> #LiveForNow | P127: =F127 + H127 -> 4399
A128: P127 | B128: Facebook | C128: 45684 | D128: Reel | E128: Check out our latest reel on facebook! | F128: 3452 | G128: 652 | H128: 442 | I128: 65588 | J128: 65049 | K128: 158 | L128: #LiveForNow | O128: =L128&M128&N128 -> #LiveForNow | P128: =F128 + H128 -> 3894
... A140: P139 | B140: YouTube | C140: 45594 | D140: Text | E140: Check out our latest text on youtube! | F140: 2746 | G140: 156 | H140: 203 | I140: 32952 | J140: 32147 | K140: 147 | L140: #ThirstyForMore | O140: =L140&M140&N140 -> #ThirstyForMore | P140: =F140 + H140 -> 2949
A141: P140 | B141: Facebook | C141: 45488 | D141: Image | E141: Check out our latest image on facebook! | F141: 2291 | G141: 78 | H141: 485 | I141: 18328 | J141: 18101 | K141: 10 | L141: #ThirstyForMore | M141: #SmoothLikeNitroPepsi | O141: =L141&M141&N141 -> #ThirstyForMore#SmoothLikeNitroPepsi | P141: =F141 + H141 -> 2776
A142: P141 | B142: Twitter | C142: 45535 | D142: Image | E142: Check out our latest image on twitter! | F142: 3170 | G142: 857 | H142: 379 | I142: 19020 | J142: 18559 | K142: 240 | L142: #LiveForNow | O142: =L142&M142&N142 -> #LiveForNow | P142: =F142 + H142 -> 3549
A143: P142 | B143: YouTube | C143: 45741 | D143: Story | E143: Check out our latest story on youtube! | F143: 2070 | G143: 275 | H143: 386 | I143: 39330 | J143: 38627 | K143: 114 | L143: #LiveForNow | O143: =L143&M143&N143 -> #LiveForNow | P143: =F143 + H143 -> 2456
...

Sheet Task4 Pivot Table1
A1: AVERAGE of Total Engagement | B1: Content Type
A2: Platform | B2: Carousel | C2: Image | D2: Reel | E2: Story | F2: Text | G2: Video | H2: Grand Total
A3: Facebook | B3: 3504.6429 | C3: 3123.88 | D3: 3611 | E3: 2966.1818 | F3: 2718.4615 | G3: 3467.7778 | H3: 3205.5542
A4: Instagram | B4: 2814 | C4: 3685.7 | D4: 2733.3846 | E4: 2735 | F4: 2751.3 | G4: 2324.8333 | H4: 2811.8354
A5: Twitter | B5: 3073.8824 | C5: 2572.9474 | D5: 2631.0909 | E5: 2610.2222 | F5: 3255.3636 | G5: 2741 | H5: 2813.6329
A6: YouTube | B6: 2486.1818 | C6: 2886.6667 | D6: 2922.3333 | E6: 3775.5556 | F6: 3514.875 | G6: 3387.4 | H6: 3124.8983
A7: Grand Total | B7: 2991.6441 | C7: 3013.0159 | D7: 2963.0851 | E7: 2969.4565 | F7: 3018.5952 | G7: 2927.3023 | H7: 2982.8067
D33: Recommended Content Types by Platform 1.Facebook Top performer: Reels (3611) and Videos (3467.78) Recommendation: Focus on short-form video content like Reels and Videos. Carousels also perform well and can be used to complement these formats. 2.Instagram Top performer: Images (3685.70) followed by Text (2751.3) and Carousels (2814.00) Recommendation: Prioritize high-quality static images and carousel posts with creative storytelling. Avoid video-heavy strategy here. 3.Twitter Top performer: Text (3255.36) and Carousel (3073.88) Recommendation: Use text-driven tweets with engaging captions, and use carousels for campaign messaging and visual storytelling. 4.YouTube Top performer: Stories (3775.56) and Text (3514.88) Recommendation: Focus on YouTube Shorts (story-like) and strong captions/descriptions in text format. Support with videos, which also perform well.

Sheet Task5-1 Pivot Table 1
B1: Campaign_Period | C1: Values
B2: After Campaign | G2: Before Campaign | L2: During Campaign | Q2: Grand Total
A3: Campaign_Name | B3: SUM of Likes | C3: SUM of Shares | D3: SUM of Impressions | E3: SUM of Comments | F3: SUM of Clicks | G3: SUM of Likes | H3: SUM of Shares | I3: SUM of Impressions | J3: SUM of Comments | K3: SUM of Clicks | L3: SUM of Likes | M3: SUM of Shares | N3: SUM of Impressions | O3: SUM of Comments | P3: SUM of Clicks | Q3: SUM of Likes | R3: SUM of Shares | S3: SUM of Impressions | T3: SUM of Comments | U3: SUM of Clicks | V3: Likes Uplift % | W3: Shares Uplift% | X3: Impressions Uplift% | Y3: Comments Uplift% | Z3: Clicks Uplift%
B4: 146200 | C4: 25284 | D4: 1794968 | E4: 13105 | F4: 8131 | G4: 3960 | H4: 266 | I4: 35640 | J4: 8 | K4: 208 | Q4: 150160 | R4: 25550 | S4: 1830608 | T4: 13113 | U4: 8339
A5: DailyWellness | G5: 5189 | H5: 1144 | I5: 76007 | J5: 631 | K5: 386 | L5: 182720 | M5: 33716 | N5: 2388857 | O5: 17083 | P5: 10303 | Q5: 187909 | R5: 34860 | S5: 2464864 | T5: 17714 | U5: 10689 | V5: =IF(G5=0, 0, (M5 - G5) / G5 * 100) -> 549.75911 | W5: =IF(H5=0, 0, (N5 - H5) / H5 * 100) -> 208716.17 | X5: =IF(I5=0, 0, (O5 - I5) / I5 * 100) -> -77.524439 | Y5: =IF(J5=0, 0, (P5 - J5) / J5 * 100) -> 1532.8051 | Z5: =IF(K5=0, 0, (Q5 - K5) / K5 * 100) -> 48581.088
A6: FestiveRadiance | G6: 6299 | H6: 1060 | I6: 77626 | J6: 802 | K6: 454 | L6: 153484 | M6: 25493 | N6: 1908730 | O6: 14601 | P6: 9418 | Q6: 159783 | R6: 26553 | S6: 1986356 | T6: 15403 | U6: 9872 | V6: =IF(G6=0, 0, (M6 - G6) / G6 * 100) -> 304.71503 | W6: =IF(H6=0, 0, (N6 - H6) / H6 * 100) -> 179968.87 | X6: =IF(I6=0, 0, (O6 - I6) / I6 * 100) -> -81.19058 | Y6: =IF(J6=0, 0, (P6 - J6) / J6 * 100) -> 1074.3142 | Z6: =IF(K6=0, 0, (Q6 - K6) / K6 * 100) -> 35094.493
A7: NewYearRefresh | G7: 6890 | H7: 2024 | I7: 103622 | J7: 1032 | K7: 439 | L7: 176456 | M7: 30885 | N7: 2162431 | O7: 15534 | P7: 9593 | Q7: 183346 | R7: 32909 | S7: 2266053 | T7: 16566 | U7: 10032 | V7: =IF(G7=0, 0, (M7 - G7) / G7 * 100) -> 348.25835 | W7: =IF(H7=0, 0, (N7 - H7) / H7 * 100) -> 106739.48 | X7: =IF(I7=0, 0, (O7 - I7) / I7 * 100) -> -85.008975 | Y7: =IF(J7=0, 0, (P7 - J7) / J7 * 100) -> 829.55426 | Z7: =IF(K7=0, 0, (Q7 - K7) / K7 * 100) -> 41664.465
A8: SummerSplash | G8: 4494 | H8: 717 | I8: 62916 | J8: 45 | K8: 191 | L8: 134299 | M8: 22336 | N8: 1783356 | O8: 12010 | P8: 6243 | Q8: 138793 | R8: 23053 | S8: 1846272 | T8: 12055 | U8: 6434 | V8: =IF(G8=0, 0, (M8 - G8) / G8 * 100) -> 397.01825 | W8: =IF(H8=0, 0, (N8 - H8) / H8 * 100) -> 248624.69 | X8: =IF(I8=0, 0, (O8 - I8) / I8 * 100) -> -80.911056 | Y8: =IF(J8=0, 0, (P8 - J8) / J8 * 100) -> 13773.333 | Z8: =IF(K8=0, 0, (Q8 - K8) / K8 * 100) -> 72566.492
A9: Grand Total | B9: 146200 | C9: 25284 | D9: 1794968 | E9: 13105 | F9: 8131 | G9: 26832 | H9: 5211 | I9: 355811 | J9: 2518 | K9: 1678 | L9: 646959 | M9: 112430 | N9: 8243374 | O9: 59228 | P9: 35557 | Q9: 819991 | R9: 142925 | S9: 10394153 | T9: 74851 | U9: 45366 | V9: =IF(G9=0, 0, (M9 - G9) / G9 * 100) -> 319.01461 | W9: =IF(H9=0, 0, (N9 - H9) / H9 * 100) -> 158091.79 | X9: =IF(I9=0, 0, (O9 - I9) / I9 * 100) -> -83.354084 | Y9: =IF(J9=0, 0, (P9 - J9) / J9 * 100) -> 1312.1128 | Z9: =IF(K9=0, 0, (Q9 - K9) / K9 * 100) -> 48767.163
A34: All campaigns showed huge increases in engagement during their periods, especially DailyWellness with the highest uplift in Likes and Shares. Impressions dropped, indicating a smaller but more engaged audience. Clicks and Comments also rose significantly, with SummerSplash leading in clicks. DailyWellness had the best ROI, while NewYearRefresh lagged slightly. Overall, campaigns boosted quality engagement despite fewer impressions, suggesting a need to focus on optimizing reach while maintaining strong interaction.

Sheet Task4 Pivvot Table2
A1: Hashtags Summary | B1: AVERAGE of Total Engagement
A2: #LiveForNow | B2: 2956.2842
A3: #LiveForNow#AnytimeIsPepsiTime | B3: 2631
A4: #LiveForNow#AnytimeIsPepsiTime#ThirstyForMore | B4: 1608
A5: #LiveForNow#PepsiCoRefresh#AnytimeIsPepsiTime | B5: 1517.3333
A6: #LiveForNow#SmoothLikeNitroPepsi | B6: 2177
A7: #LiveForNow#ThirstyForMore#BetterWithPepsi | B7: 3968
A8: #PepsiCoRefresh | B8: 2919.6067
A9: #PepsiCoRefresh#AnytimeIsPepsiTime | B9: 3129.6
A10: #PepsiCoRefresh#BetterWithPepsi | B10: 4547
A11: #PepsiCoRefresh#SmoothLikeNitroPepsi | B11: 4034.3333
A12: #PepsiCoRefresh#ThirstyForMore#BetterWithPepsi | B12: 4545
A13: #ThirstyForMore | B13: 3076.5795
... A20: Grand Total | B20: 2982.8067
A24: Hashtags Summary | B24: COUNTA of Hashtags Summary
A25: #LiveForNow | B25: 95
A26: #LiveForNow#AnytimeIsPepsiTime | B26: 2
A27: #LiveForNow#AnytimeIsPepsiTime#ThirstyForMore | B27: 1
A28: #LiveForNow#PepsiCoRefresh#AnytimeIsPepsiTime | B28: 3
A29: #LiveForNow#SmoothLikeNitroPepsi | B29: 1
A30: #LiveForNow#ThirstyForMore#BetterWithPepsi | B30: 1
A31: #PepsiCoRefresh | B31: 89
A32: #PepsiCoRefresh#AnytimeIsPepsiTime | B32: 5
A33: #PepsiCoRefresh#BetterWithPepsi | B33: 1
A34: #PepsiCoRefresh#SmoothLikeNitroPepsi | B34: 3
A35: #PepsiCoRefresh#ThirstyForMore#BetterWithPepsi | B35: 2
A36: #ThirstyForMore | B36: 88
... A43: Grand Total | B43: 300
B47: Most frequently used hashtags (based on COUNTA of Hashtags Summary) are: #LiveForNow → 95 uses #PepsiCoRefresh → 89 uses #ThirstyForMore → 88 uses These three are clearly the top hashtags, each used far more often than the rest, which are combinations or less frequent tags.

Sheet Task 5-1  Campaign Effectivenes
A1: Post ID | B1: Platform | C1: Date | D1: Content Type | E1: Post Text | F1: Likes | G1: Shares | H1: Comments | I1: Impressions | J1: Reach | K1: Clicks | L1: Hashtags Used | O1: Campaign_Name | P1: Campaign_Start_Date | Q1: Campaign_End_Date | R1: Campaign_Period | S1: Total Engagement = Likes + Shares + Comments | T1: Engagement Rate
A2: P001 | B2: Twitter | C2: 45649 | D2: Reel | E2: Check out our latest reel on twitter! | F2: 1461 | G2: 184 | H2: 344 | I2: 21915 | J2: 21675 | K2: 15 | L2: #LiveForNow | M2: #AnytimeIsPepsiTime | O2: SummerSplash | P2: =IFS( O2="SummerSplash", DATE(2024,6,15), O2="FestiveRadiance", DATE(2024,10,1), O2="NewYearRefresh", DATE(2024,12,25), O2="DailyWellness", DATE(2025,3,1) ) -> 45458 | Q2: =IFS( O2="SummerSplash", DATE(2024,7,15), O2="FestiveRadiance", DATE(2024,10,31), O2="NewYearRefresh", DATE(2025,1,10), O2="DailyWellness", DATE(2025,3,31) ) -> 45488 | R2: =IF(C2 < N2, "Before Campaign", IF(AND(C2 >= N2, C2 <= O2), "During Campaign", "After Campaign")) -> During Campaign | S2: =F2 + G2 + H2 -> 1989 | T2: =(F2 + G2 + H2) / I2 -> 0.090759754
A3: P002 | B3: Twitter | C3: 45750 | D3: Text | E3: Check out our latest text on twitter! | F3: 4054 | G3: 389 | H3: 493 | I3: 64864 | J3: 64383 | K3: 117 | L3: #PepsiCoRefresh | M3: #BetterWithPepsi | O3: FestiveRadiance | P3: =IFS( O3="SummerSplash", DATE(2024,6,15), O3="FestiveRadiance", DATE(2024,10,1), O3="NewYearRefresh", DATE(2024,12,25), O3="DailyWellness", DATE(2025,3,1) ) -> 45566 | Q3: =IFS( O3="SummerSplash", DATE(2024,7,15), O3="FestiveRadiance", DATE(2024,10,31), O3="NewYearRefresh", DATE(2025,1,10), O3="DailyWellness", DATE(2025,3,31) ) -> 45596 | R3: =IF(C3 < N3, "Before Campaign", IF(AND(C3 >= N3, C3 <= O3), "During Campaign", "After Campaign")) -> During Campaign | S3: =F3 + G3 + H3 -> 4936 | T3: =(F3 + G3 + H3) / I3 -> 0.076097681
A4: P003 | B4: YouTube | C4: 45789 | D4: Reel | E4: Check out our latest reel on youtube! | F4: 2795 | G4: 105 | H4: 49 | I4: 53105 | J4: 52307 | K4: 204 | L4: #PepsiCoRefresh | O4: NewYearRefresh | P4: =IFS( O4="SummerSplash", DATE(2024,6,15), O4="FestiveRadiance", DATE(2024,10,1), O4="NewYearRefresh", DATE(2024,12,25), O4="DailyWellness", DATE(2025,3,1) ) -> 45651 | Q4: =IFS( O4="SummerSplash", DATE(2024,7,15), O4="FestiveRadiance", DATE(2024,10,31), O4="NewYearRefresh", DATE(2025,1,10), O4="DailyWellness", DATE(2025,3,31) ) -> 45667 | R4: =IF(C4 < N4, "Before Campaign", IF(AND(C4 >= N4, C4 <= O4), "During Campaign", "After Campaign")) -> During Campaign | S4: =F4 + G4 + H4 -> 2949 | T4: =(F4 + G4 + H4) / I4 -> 0.055531494
A5: P004 | B5: Instagram | C5: 45516 | D5: Story | E5: Check out our latest story on instagram! | F5: 2404 | G5: 363 | H5: 138 | I5: 19232 | J5: 18636 | K5: 128 | L5: #ThirstyForMore | O5: DailyWellness | P5: =IFS( O5="SummerSplash", DATE(2024,6,15), O5="FestiveRadiance", DATE(2024,10,1), O5="NewYearRefresh", DATE(2024,12,25), O5="DailyWellness", DATE(2025,3,1) ) -> 45717 | Q5: =IFS( O5="SummerSplash", DATE(2024,7,15), O5="FestiveRadiance", DATE(2024,10,31), O5="NewYearRefresh", DATE(2025,1,10), O5="DailyWellness", DATE(2025,3,31) ) -> 45747 | R5: =IF(C5 < N5, "Before Campaign", IF(AND(C5 >= N5, C5 <= O5), "During Campaign", "After Campaign")) -> During Campaign | S5: =F5 + G5 + H5 -> 2905 | T5: =(F5 + G5 + H5) / I5 -> 0.15105033
A6: P005 | B6: YouTube | C6: 45469 | D6: Reel | E6: Check out our latest reel on youtube! | F6: 3557 | G6: 687 | H6: 424 | I6: 71140 | J6: 70701 | K6: 224 | L6: #ThirstyForMore | M6: #PepsiCoRefresh | O6: SummerSplash | P6: =IFS( O6="SummerSplash", DATE(2024,6,15), O6="FestiveRadiance", DATE(2024,10,1), O6="NewYearRefresh", DATE(2024,12,25), O6="DailyWellness", DATE(2025,3,1) ) -> 45458 | Q6: =IFS( O6="SummerSplash", DATE(2024,7,15), O6="FestiveRadiance", DATE(2024,10,31), O6="NewYearRefresh", DATE(2025,1,10), O6="DailyWellness", DATE(2025,3,31) ) -> 45488 | R6: =IF(C6 < N6, "Before Campaign", IF(AND(C6 >= N6, C6 <= O6), "During Campaign", "After Campaign")) -> During Campaign | S6: =F6 + G6 + H6 -> 4668 | T6: =(F6 + G6 + H6) / I6 -> 0.065617093
A7: P006 | B7: Facebook | C7: 45596 | D7: Carousel | E7: Check out our latest carousel on facebook! | F7: 2945 | G7: 930 | H7: 355 | I7: 23560 | J7: 23275 | K7: 256 | L7: #PepsiCoRefresh | O7: FestiveRadiance | P7: =IFS( O7="SummerSplash", DATE(2024,6,15), O7="FestiveRadiance", DATE(2024,10,1), O7="NewYearRefresh", DATE(2024,12,25), O7="DailyWellness", DATE(2025,3,1) ) -> 45566 | Q7: =IFS( O7="SummerSplash", DATE(2024,7,15), O7="FestiveRadiance", DATE(2024,10,31), O7="NewYearRefresh", DATE(2025,1,10), O7="DailyWellness", DATE(2025,3,31) ) -> 45596 | R7: =IF(C7 < N7, "Before Campaign", IF(AND(C7 >= N7, C7 <= O7), "During Campaign", "After Campaign")) -> During Campaign | S7: =F7 + G7 + H7 -> 4230 | T7: =(F7 + G7 + H7) / I7 -> 0.1795416
A8: P007 | B8: Twitter | C8: 45467 | D8: Carousel | E8: Check out our latest carousel on twitter! | F8: 3860 | G8: 201 | H8: 279 | I8: 61760 | J8: 61660 | K8: 235 | L8: #PepsiCoRefresh | O8: FestiveRadiance | P8: =IFS( O8="SummerSplash", DATE(2024,6,15), O8="FestiveRadiance", DATE(2024,10,1), O8="NewYearRefresh", DATE(2024,12,25), O8="DailyWellness", DATE(2025,3,1) ) -> 45566 | Q8: =IFS( O8="SummerSplash", DATE(2024,7,15), O8="FestiveRadiance", DATE(2024,10,31), O8="NewYearRefresh", DATE(2025,1,10), O8="DailyWellness", DATE(2025,3,31) ) -> 45596 | R8: =IF(C8 < N8, "Before Campaign", IF(AND(C8 >= N8, C8 <= O8), "During Campaign", "After Campaign")) -> During Campaign | S8: =F8 + G8 + H8 -> 4340 | T8: =(F8 + G8 + H8) / I8 -> 0.070272021
A9: P008 | B9: YouTube | C9: 45486 | D9: Image | E9: Check out our latest image on youtube! | F9: 3929 | G9: 262 | H9: 278 | I9: 43219 | J9: 42841 | K9: 39 | L9: #ThirstyForMore | O9: DailyWellness | P9: =IFS( O9="SummerSplash", DATE(2024,6,15), O9="FestiveRadiance", DATE(2024,10,1), O9="NewYearRefresh", DATE(2024,12,25), O9="DailyWellness", DATE(2025,3,1) ) -> 45717 | Q9: =IFS( O9="SummerSplash", DATE(2024,7,15), O9="FestiveRadiance", DATE(2024,10,31), O9="NewYearRefresh", DATE(2025,1,10), O9="DailyWellness", DATE(2025,3,31) ) -> 45747 | R9: =IF(C9 < N9, "Before Campaign", IF(AND(C9 >= N9, C9 <= O9), "During Campaign", "After Campaign")) -> During Campaign | S9: =F9 + G9 + H9 -> 4469 | T9: =(F9 + G9 + H9) / I9 -> 0.1034036
A10: P009 | B10: Facebook | C10: 45534 | D10: Text | E10: Check out our latest text on facebook! | F10: 3784 | G10: 808 | H10: 404 | I10: 56760 | J10: 56343 | K10: 131 | L10: #PepsiCoRefresh | O10: FestiveRadiance | P10: =IFS( O10="SummerSplash", DATE(2024,6,15), O10="FestiveRadiance", DATE(2024,10,1), O10="NewYearRefresh", DATE(2024,12,25), O10="DailyWellness", DATE(2025,3,1) ) -> 45566 | Q10: =IFS( O10="SummerSplash", DATE(2024,7,15), O10="FestiveRadiance", DATE(2024,10,31), O10="NewYearRefresh", DATE(2025,1,10), O10="DailyWellness", DATE(2025,3,31) ) -> 45596 | R10: =IF(C10 < N10, "Before Campaign", IF(AND(C10 >= N10, C10 <= O10), "During Campaign", "After Campaign")) -> During Campaign | S10: =F10 + G10 + H10 -> 4996 | T10: =(F10 + G10 + H10) / I10 -> 0.088019732
A11: P010 | B11: Facebook | C11: 45727 | D11: Image | E11: Check out our latest image on facebook! | F11: 4241 | G11: 902 | H11: 47 | I11: 72097 | J11: 71598 | K11: 167 | L11: #PepsiCoRefresh | O11: FestiveRadiance | P11: =IFS( O11="SummerSplash", DATE(2024,6,15), O11="FestiveRadiance", DATE(2024,10,1), O11="NewYearRefresh", DATE(2024,12,25), O11="DailyWellness", DATE(2025,3,1) ) -> 45566 | Q11: =IFS( O11="SummerSplash", DATE(2024,7,15), O11="FestiveRadiance", DATE(2024,10,31), O11="NewYearRefresh", DATE(2025,1,10), O11="DailyWellness", DATE(2025,3,31) ) -> 45596 | R11: =IF(C11 < N11, "Before Campaign", IF(AND(C11 >= N11, C11 <= O11), "During Campaign", "After Campaign")) -> During Campaign | S11: =F11 + G11 + H11 -> 5190 | T11: =(F11 + G11 + H11) / I11 -> 0.071986352
A12: P011 | B12: Instagram | C12: 45690 | D12: Story | E12: Check out our latest story on instagram! | F12: 1792 | G12: 614 | H12: 497 | I12: 25088 | J12: 24675 | K12: 65 | L12: #LiveForNow | O12: DailyWellness | P12: =IFS( O12="SummerSplash", DATE(2024,6,15), O12="FestiveRadiance", DATE(2024,10,1), O12="NewYearRefresh", DATE(2024,12,25), O12="DailyWellness", DATE(2025,3,1) ) -> 45717 | Q12: =IFS( O12="SummerSplash", DATE(2024,7,15), O12="FestiveRadiance", DATE(2024,10,31), O12="NewYearRefresh", DATE(2025,1,10), O12="DailyWellness", DATE(2025,3,31) ) -> 45747 | R12: =IF(C12 < N12, "Before Campaign", IF(AND(C12 >= N12, C12 <= O12), "During Campaign", "After Campaign")) -> During Campaign | S12: =F12 + G12 + H12 -> 2903 | T12: =(F12 + G12 + H12) / I12 -> 0.11571269
A13: P012 | B13: Facebook | C13: 45494 | D13: Reel | E13: Check out our latest reel on facebook! | F13: 1946 | G13: 686 | H13: 377 | I13: 23352 | J13: 22982 | K13: 213 | L13: #LiveForNow | O13: NewYearRefresh | P13: =IFS( O13="SummerSplash", DATE(2024,6,15), O13="FestiveRadiance", DATE(2024,10,1), O13="NewYearRefresh", DATE(2024,12,25), O13="DailyWellness", DATE(2025,3,1) ) -> 45651 | Q13: =IFS( O13="SummerSplash", DATE(2024,7,15), O13="FestiveRadiance", DATE(2024,10,31), O13="NewYearRefresh", DATE(2025,1,10), O13="DailyWellness", DATE(2025,3,31) ) -> 45667 | R13: =IF(C13 < N13, "Before Campaign", IF(AND(C13 >= N13, C13 <= O13), "During Campaign", "After Campaign")) -> During Campaign | S13: =F13 + G13 + H13 -> 3009 | T13: =(F13 + G13 + H13) / I13 -> 0.12885406
A14: P013 | B14: YouTube | C14: 45614 | D14: Carousel | E14: Check out our latest carousel on youtube! | F14: 1171 | G14: 286 | H14: 231 | I14: 22249 | J14: 21282 | K14: 114 | L14: #ThirstyForMore | O14: SummerSplash | P14: =IFS( O14="SummerSplash", DATE(2024,6,15), O14="FestiveRadiance", DATE(2024,10,1), O14="NewYearRefresh", DATE(2024,12,25), O14="DailyWellness", DATE(2025,3,1) ) -> 45458 | Q14: =IFS( O14="SummerSplash", DATE(2024,7,15), O14="FestiveRadiance", DATE(2024,10,31), O14="NewYearRefresh", DATE(2025,1,10), O14="DailyWellness", DATE(2025,3,31) ) -> 45488 | R14: =IF(C14 < N14, "Before Campaign", IF(AND(C14 >= N14, C14 <= O14), "During Campaign", "After Campaign")) -> During Campaign | S14: =F14 + G14 + H14 -> 1688 | T14: =(F14 + G14 + H14) / I14 -> 0.075868578
A15: P014 | B15: Facebook | C15: 45704 | D15: Story | E15: Check out our latest story on facebook! | F15: 4242 | G15: 555 | H15: 131 | I15: 33936 | J15: 33802 | K15: 265 | L15: #LiveForNow | R15: =IF(C15 < N15, "Before Campaign", IF(AND(C15 >= N15, C15 <= O15), "During Campaign", "After Campaign")) -> After Campaign | S15: =F15 + G15 + H15 -> 4928 | T15: =(F15 + G15 + H15) / I15 -> 0.14521452
A16: P015 | B16: Facebook | C16: 45589 | D16: Video | E16: Check out our latest video on facebook! | F16: 3888 | G16: 604 | H16: 128 | I16: 77760 | J16: 77167 | K16: 20 | L16: #LiveForNow | O16: SummerSplash | P16: =IFS( O16="SummerSplash", DATE(2024,6,15), O16="FestiveRadiance", DATE(2024,10,1), O16="NewYearRefresh", DATE(2024,12,25), O16="DailyWellness", DATE(2025,3,1) ) -> 45458 | Q16: =IFS( O16="SummerSplash", DATE(2024,7,15), O16="FestiveRadiance", DATE(2024,10,31), O16="NewYearRefresh", DATE(2025,1,10), O16="DailyWellness", DATE(2025,3,31) ) -> 45488 | R16: =IF(C16 < N16, "Before Campaign", IF(AND(C16 >= N16, C16 <= O16), "During Campaign", "After Campaign")) -> During Campaign | S16: =F16 + G16 + H16 -> 4620 | T16: =(F16 + G16 + H16) / I16 -> 0.05941358
A17: P016 | B17: Facebook | C17: 45530 | D17: Text | E17: Check out our latest text on facebook! | F17: 3452 | G17: 377 | H17: 360 | I17: 55232 | J17: 55075 | K17: 87 | L17: #LiveForNow | O17: NewYearRefresh | P17: =IFS( O17="SummerSplash", DATE(2024,6,15), O17="FestiveRadiance", DATE(2024,10,1), O17="NewYearRefresh", DATE(2024,12,25), O17="DailyWellness", DATE(2025,3,1) ) -> 45651 | Q17: =IFS( O17="SummerSplash", DATE(2024,7,15), O17="FestiveRadiance", DATE(2024,10,31), O17="NewYearRefresh", DATE(2025,1,10), O17="DailyWellness", DATE(2025,3,31) ) -> 45667 | R17: =IF(C17 < N17, "Before Campaign", IF(AND(C17 >= N17, C17 <= O17), "During Campaign", "After Campaign")) -> During Campaign | S17: =F17 + G17 + H17 -> 4189 | T17: =(F17 + G17 + H17) / I17 -> 0.075843714
A18: P017 | B18: Facebook | C18: 45782 | D18: Text | E18: Check out our latest text on facebook! | F18: 4441 | G18: 511 | H18: 70 | I18: 53292 | J18: 53082 | K18: 159 | L18: #ThirstyForMore | O18: DailyWellness | P18: =IFS( O18="SummerSplash", DATE(2024,6,15), O18="FestiveRadiance", DATE(2024,10,1), O18="NewYearRefresh", DATE(2024,12,25), O18="DailyWellness", DATE(2025,3,1) ) -> 45717 | Q18: =IFS( O18="SummerSplash", DATE(2024,7,15), O18="FestiveRadiance", DATE(2024,10,31), O18="NewYearRefresh", DATE(2025,1,10), O18="DailyWellness", DATE(2025,3,31) ) -> 45747 | R18: =IF(C18 < N18, "Before Campaign", IF(AND(C18 >= N18, C18 <= O18), "During Campaign", "After Campaign")) -> During Campaign | S18: =F18 + G18 + H18 -> 5022 | T18: =(F18 + G18 + H18) / I18 -> 0.094235533
A19: P018 | B19: Instagram | C19: 45523 | D19: Reel | E19: Check out our latest reel on instagram! | F19: 3000 | G19: 382 | H19: 325 | I19: 36000 | J19: 35819 | K19: 19 | L19: #LiveForNow | O19: SummerSplash | P19: =IFS( O19="SummerSplash", DATE(2024,6,15), O19="FestiveRadiance", DATE(2024,10,1), O19="NewYearRefresh", DATE(2024,12,25), O19="DailyWellness", DATE(2025,3,1) ) -> 45458 | Q19: =IFS( O19="SummerSplash", DATE(2024,7,15), O19="FestiveRadiance", DATE(2024,10,31), O19="NewYearRefresh", DATE(2025,1,10), O19="DailyWellness", DATE(2025,3,31) ) -> 45488 | R19: =IF(C19 < N19, "Before Campaign", IF(AND(C19 >= N19, C19 <= O19), "During Campaign", "After Campaign")) -> During Campaign | S19: =F19 + G19 + H19 -> 3707 | T19: =(F19 + G19 + H19) / I19 -> 0.10297222
A20: P019 | B20: Instagram | C20: 45466 | D20: Video | E20: Check out our latest video on instagram! | F20: 1071 | G20: 519 | H20: 22 | I20: 16065 | J20: 15865 | K20: 103 | L20: #PepsiCoRefresh | O20: DailyWellness | P20: =IFS( O20="SummerSplash", DATE(2024,6,15), O20="FestiveRadiance", DATE(2024,10,1), O20="NewYearRefresh", DATE(2024,12,25), O20="DailyWellness", DATE(2025,3,1) ) -> 45717 | Q20: =IFS( O20="SummerSplash", DATE(2024,7,15), O20="FestiveRadiance", DATE(2024,10,31), O20="NewYearRefresh", DATE(2025,1,10), O20="DailyWellness", DATE(2025,3,31) ) -> 45747 | R20: =IF(C20 < N20, "Before Campaign", IF(AND(C20 >= N20, C20 <= O20), "During Campaign", "After Campaign")) -> During Campaign | S20: =F20 + G20 + H20 -> 1612 | T20: =(F20 + G20 + H20) / I20 -> 0.10034236
A21: P020 | B21: Instagram | C21: 45544 | D21: Carousel | E21: Check out our latest carousel on instagram! | F21: 4054 | G21: 488 | H21: 373 | I21: 77026 | J21: 76881 | K21: 25 | L21: #PepsiCoRefresh | O21: SummerSplash | P21: =IFS( O21="SummerSplash", DATE(2024,6,15), O21="FestiveRadiance", DATE(2024,10,1), O21="NewYearRefresh", DATE(2024,12,25), O21="DailyWellness", DATE(2025,3,1) ) -> 45458 | Q21: =IFS( O21="SummerSplash", DATE(2024,7,15), O21="FestiveRadiance", DATE(2024,10,31), O21="NewYearRefresh", DATE(2025,1,10), O21="DailyWellness", DATE(2025,3,31) ) -> 45488 | R21: =IF(C21 < N21, "Before Campaign", IF(AND(C21 >= N21, C21 <= O21), "During Campaign", "After Campaign")) -> During Campaign | S21: =F21 + G21 + H21 -> 4915 | T21: =(F21 + G21 + H21) / I21 -> 0.063809623
A22: P021 | B22: Instagram | C22: 45661 | D22: Reel | E22: Check out our latest reel on instagram! | F22: 4838 | G22: 640 | H22: 128 | I22: 72570 | J22: 72396 | K22: 83 | L22: #LiveForNow | O22: DailyWellness | P22: =IFS( O22="SummerSplash", DATE(2024,6,15), O22="FestiveRadiance", DATE(2024,10,1), O22="NewYearRefresh", DATE(2024,12,25), O22="DailyWellness", DATE(2025,3,1) ) -> 45717 | Q22: =IFS( O22="SummerSplash", DATE(2024,7,15), O22="FestiveRadiance", DATE(2024,10,31), O22="NewYearRefresh", DATE(2025,1,10), O22="DailyWellness", DATE(2025,3,31) ) -> 45747 | R22: =IF(C22 < N22, "Before Campaign", IF(AND(C22 >= N22, C22 <= O22), "During Campaign", "After Campaign")) -> During Campaign | S22: =F22 + G22 + H22 -> 5606 | T22: =(F22 + G22 + H22) / I22 -> 0.077249552
A23: P022 | B23: Facebook | C23: 45715 | D23: Text | E23: Check out our latest text on facebook! | F23: 1570 | G23: 187 | H23: 260 | I23: 25120 | J23: 24613 | K23: 133 | L23: #PepsiCoRefresh | O23: DailyWellness | P23: =IFS( O23="SummerSplash", DATE(2024,6,15), O23="FestiveRadiance", DATE(2024,10,1), O23="NewYearRefresh", DATE(2024,12,25), O23="DailyWellness", DATE(2025,3,1) ) -> 45717 | Q23: =IFS( O23="SummerSplash", DATE(2024,7,15), O23="FestiveRadiance", DATE(2024,10,31), O23="NewYearRefresh", DATE(2025,1,10), O23="DailyWellness", DATE(2025,3,31) ) -> 45747 | R23: =IF(C23 < N23, "Before Campaign", IF(AND(C23 >= N23, C23 <= O23), "During Campaign", "After Campaign")) -> During Campaign | S23: =F23 + G23 + H23 -> 2017 | T23: =(F23 + G23 + H23) / I23 -> 0.080294586
A24: P023 | B24: Facebook | C24: 45602 | D24: Video | E24: Check out our latest video on facebook! | F24: 1606 | G24: 547 | H24: 316 | I24: 32120 | J24: 31736 | K24: 225 | L24: #PepsiCoRefresh | M24: #AnytimeIsPepsiTime | O24: FestiveRadiance | P24: =IFS( O24="SummerSplash", DATE(2024,6,15), O24="FestiveRadiance", DATE(2024,10,1), O24="NewYearRefresh", DATE(2024,12,25), O24="DailyWellness", DATE(2025,3,1) ) -> 45566 | Q24: =IFS( O24="SummerSplash", DATE(2024,7,15), O24="FestiveRadiance", DATE(2024,10,31), O24="NewYearRefresh", DATE(2025,1,10), O24="DailyWellness", DATE(2025,3,31) ) -> 45596 | R24: =IF(C24 < N24, "Before Campaign", IF(AND(C24 >= N24, C24 <= O24), "During Campaign", "After Campaign")) -> During Campaign | S24: =F24 + G24 + H24 -> 2469 | T24: =(F24 + G24 + H24) / I24 -> 0.076867995
A25: P024 | B25: Facebook | C25: 45680 | D25: Video | E25: Check out our latest video on facebook! | F25: 3961 | G25: 761 | H25: 131 | I25: 67337 | J25: 66615 | K25: 161 | L25: #LiveForNow | O25: NewYearRefresh | P25: =IFS( O25="SummerSplash", DATE(2024,6,15), O25="FestiveRadiance", DATE(2024,10,1), O25="NewYearRefresh", DATE(2024,12,25), O25="DailyWellness", DATE(2025,3,1) ) -> 45651 | Q25: =IFS( O25="SummerSplash", DATE(2024,7,15), O25="FestiveRadiance", DATE(2024,10,31), O25="NewYearRefresh", DATE(2025,1,10), O25="DailyWellness", DATE(2025,3,31) ) -> 45667 | R25: =IF(C25 < N25, "Before Campaign", IF(AND(C25 >= N25, C25 <= O25), "During Campaign", "After Campaign")) -> During Campaign | S25: =F25 + G25 + H25 -> 4853 | T25: =(F25 + G25 + H25) / I25 -> 0.072070333
A26: P025 | B26: Twitter | C26: 45757 | D26: Carousel | E26: Check out our latest carousel on twitter! | F26: 3128 | G26: 211 | H26: 197 | I26: 59432 | J26: 59182 | K26: 238 | L26: #ThirstyForMore | R26: =IF(C26 < N26, "Before Campaign", IF(AND(C26 >= N26, C26 <= O26), "During Campaign", "After Campaign")) -> After Campaign | S26: =F26 + G26 + H26 -> 3536 | T26: =(F26 + G26 + H26) / I26 -> 0.059496568
A27: P026 | B27: YouTube | C27: 45752 | D27: Reel | E27: Check out our latest reel on youtube! | F27: 3009 | G27: 413 | H27: 358 | I27: 42126 | J27: 41309 | K27: 211 | L27: #LiveForNow | O27: FestiveRadiance | P27: =IFS( O27="SummerSplash", DATE(2024,6,15), O27="FestiveRadiance", DATE(2024,10,1), O27="NewYearRefresh", DATE(2024,12,25), O27="DailyWellness", DATE(2025,3,1) ) -> 45566 | Q27: =IFS( O27="SummerSplash", DATE(2024,7,15), O27="FestiveRadiance", DATE(2024,10,31), O27="NewYearRefresh", DATE(2025,1,10), O27="DailyWellness", DATE(2025,3,31) ) -> 45596 | R27: =IF(C27 < N27, "Before Campaign", IF(AND(C27 >= N27, C27 <= O27), "During Campaign", "After Campaign")) -> During Campaign | S27: =F27 + G27 + H27 -> 3780 | T27: =(F27 + G27 + H27) / I27 -> 0.089730808
A28: P027 | B28: YouTube | C28: 45552 | D28: Text | E28: Check out our latest text on youtube! | F28: 2076 | G28: 195 | H28: 104 | I28: 33216 | J28: 32244 | K28: 51 | L28: #LiveForNow | O28: DailyWellness | P28: =IFS( O28="SummerSplash", DATE(2024,6,15), O28="FestiveRadiance", DATE(2024,10,1), O28="NewYearRefresh", DATE(2024,12,25), O28="DailyWellness", DATE(2025,3,1) ) -> 45717 | Q28: =IFS( O28="SummerSplash", DATE(2024,7,15), O28="FestiveRadiance", DATE(2024,10,31), O28="NewYearRefresh", DATE(2025,1,10), O28="DailyWellness", DATE(2025,3,31) ) -> 45747 | R28: =IF(C28 < N28, "Before Campaign", IF(AND(C28 >= N28, C28 <= O28), "During Campaign", "After Campaign")) -> During Campaign | S28: =F28 + G28 + H28 -> 2375 | T28: =(F28 + G28 + H28) / I28 -> 0.071501686
A29: P028 | B29: Instagram | C29: 45720 | D29: Video | E29: Check out our latest video on instagram! | F29: 432 | G29: 624 | H29: 123 | I29: 6912 | J29: 6259 | K29: 79 | L29: #LiveForNow | O29: DailyWellness | P29: =IFS( O29="SummerSplash", DATE(2024,6,15), O29="FestiveRadiance", DATE(2024,10,1), O29="NewYearRefresh", DATE(2024,12,25), O29="DailyWellness", DATE(2025,3,1) ) -> 45717 | Q29: =IFS( O29="SummerSplash", DATE(2024,7,15), O29="FestiveRadiance", DATE(2024,10,31), O29="NewYearRefresh", DATE(2025,1,10), O29="DailyWellness", DATE(2025,3,31) ) -> 45747 | R29: =IF(C29 < N29, "Before Campaign", IF(AND(C29 >= N29, C29 <= O29), "During Campaign", "After Campaign")) -> During Campaign | S29: =F29 + G29 + H29 -> 1179 | T29: =(F29 + G29 + H29) / I29 -> 0.17057292
A30: P029 | B30: Instagram | C30: 45688 | D30: Carousel | E30: Check out our latest carousel on instagram! | F30: 2566 | G30: 118 | H30: 37 | I30: 12830 | J30: 12264 | K30: 221 | L30: #LiveForNow | O30: NewYearRefresh | P30: =IFS( O30="SummerSplash", DATE(2024,6,15), O30="FestiveRadiance", DATE(2024,10,1), O30="NewYearRefresh", DATE(2024,12,25), O30="DailyWellness", DATE(2025,3,1) ) -> 45651 | Q30: =IFS( O30="SummerSplash", DATE(2024,7,15), O30="FestiveRadiance", DATE(2024,10,31), O30="NewYearRefresh", DATE(2025,1,10), O30="DailyWellness", DATE(2025,3,31) ) -> 45667 | R30: =IF(C30 < N30, "Before Campaign", IF(AND(C30 >= N30, C30 <= O30), "During Campaign", "After Campaign")) -> During Campaign | S30: =F30 + G30 + H30 -> 2721 | T30: =(F30 + G30 + H30) / I30 -> 0.21208106
A31: P030 | B31: Instagram | C31: 45713 | D31: Video | E31: Check out our latest video on instagram! | F31: 3095 | G31: 39 | H31: 78 | I31: 55710 | J31: 54808 | K31: 93 | L31: #ThirstyForMore | R31: =IF(C31 < N31, "Before Campaign", IF(AND(C31 >= N31, C31 <= O31), "During Campaign", "After Campaign")) -> After Campaign | S31: =F31 + G31 + H31 -> 3212 | T31: =(F31 + G31 + H31) / I31 -> 0.057655717
A32: P031 | B32: Instagram | C32: 45642 | D32: Text | E32: Check out our latest text on instagram! | F32: 438 | G32: 153 | H32: 275 | I32: 3066 | J32: 2701 | K32: 282 | L32: #PepsiCoRefresh | O32: FestiveRadiance | P32: =IFS( O32="SummerSplash", DATE(2024,6,15), O32="FestiveRadiance", DATE(2024,10,1), O32="NewYearRefresh", DATE(2024,12,25), O32="DailyWellness", DATE(2025,3,1) ) -> 45566 | Q32: =IFS( O32="SummerSplash", DATE(2024,7,15), O32="FestiveRadiance", DATE(2024,10,31), O32="NewYearRefresh", DATE(2025,1,10), O32="DailyWellness", DATE(2025,3,31) ) -> 45596 | R32: =IF(C32 < N32, "Before Campaign", IF(AND(C32 >= N32, C32 <= O32), "During Campaign", "After Campaign")) -> During Campaign | S32: =F32 + G32 + H32 -> 866 | T32: =(F32 + G32 + H32) / I32 -> 0.28245271
A33: P032 | B33: Twitter | C33: 45504 | D33: Carousel | E33: Check out our latest carousel on twitter! | F33: 2278 | G33: 10 | H33: 321 | I33: 13668 | J33: 12676 | K33: 275 | L33: #ThirstyForMore | O33: SummerSplash | P33: =IFS( O33="SummerSplash", DATE(2024,6,15), O33="FestiveRadiance", DATE(2024,10,1), O33="NewYearRefresh", DATE(2024,12,25), O33="DailyWellness", DATE(2025,3,1) ) -> 45458 | Q33: =IFS( O33="SummerSplash", DATE(2024,7,15), O33="FestiveRadiance", DATE(2024,10,31), O33="NewYearRefresh", DATE(2025,1,10), O33="DailyWellness", DATE(2025,3,31) ) -> 45488 | R33: =IF(C33 < N33, "Before Campaign", IF(AND(C33 >= N33, C33 <= O33), "During Campaign", "After Campaign")) -> During Campaign | S33: =F33 + G33 + H33 -> 2609 | T33: =(F33 + G33 + H33) / I33 -> 0.19088382
A34: P033 | B34: Facebook | C34: 45525 | D34: Image | E34: Check out our latest image on facebook! | F34: 1407 | G34: 400 | H34: 351 | I34: 16884 | J34: 15954 | K34: 113 | L34: #PepsiCoRefresh | O34: SummerSplash | P34: =IFS( O34="SummerSplash", DATE(2024,6,15), O34="FestiveRadiance", DATE(2024,10,1), O34="NewYearRefresh", DATE(2024,12,25), O34="DailyWellness", DATE(2025,3,1) ) -> 45458 | Q34: =IFS( O34="SummerSplash", DATE(2024,7,15), O34="FestiveRadiance", DATE(2024,10,31), O34="NewYearRefresh", DATE(2025,1,10), O34="DailyWellness", DATE(2025,3,31) ) -> 45488 | R34: =IF(C34 < N34, "Before Campaign", IF(AND(C34 >= N34, C34 <= O34), "During Campaign", "After Campaign")) -> During Campaign | S34: =F34 + G34 + H34 -> 2158 | T34: =(F34 + G34 + H34) / I34 -> 0.12781331
A35: P034 | B35: Facebook | C35: 45742 | D35: Text | E35: Check out our latest text on facebook! | F35: 1652 | G35: 89 | H35: 357 | I35: 29736 | J35: 28771 | K35: 215 | L35: #PepsiCoRefresh | O35: NewYearRefresh | P35: =IFS( O35="SummerSplash", DATE(2024,6,15), O35="FestiveRadiance", DATE(2024,10,1), O35="NewYearRefresh", DATE(2024,12,25), O35="DailyWellness", DATE(2025,3,1) ) -> 45651 | Q35: =IFS( O35="SummerSplash", DATE(2024,7,15), O35="FestiveRadiance", DATE(2024,10,31), O35="NewYearRefresh", DATE(2025,1,10), O35="DailyWellness", DATE(2025,3,31) ) -> 45667 | R35: =IF(C35 < N35, "Before Campaign", IF(AND(C35 >= N35, C35 <= O35), "During Campaign", "After Campaign")) -> During Campaign | S35: =F35 + G35 + H35 -> 2098 | T35: =(F35 + G35 + H35) / I35 -> 0.07055421
A36: P035 | B36: Instagram | C36: 45626 | D36: Video | E36: Check out our latest video on instagram! | F36: 3775 | G36: 16 | H36: 239 | I36: 33975 | J36: 33310 | K36: 271 | L36: #LiveForNow | O36: FestiveRadiance | P36: =IFS( O36="SummerSplash", DATE(2024,6,15), O36="FestiveRadiance", DATE(2024,10,1), O36="NewYearRefresh", DATE(2024,12,25), O36="DailyWellness", DATE(2025,3,1) ) -> 45566 | Q36: =IFS( O36="SummerSplash", DATE(2024,7,15), O36="FestiveRadiance", DATE(2024,10,31), O36="NewYearRefresh", DATE(2025,1,10), O36="DailyWellness", DATE(2025,3,31) ) -> 45596 | R36: =IF(C36 < N36, "Before Campaign", IF(AND(C36 >= N36, C36 <= O36), "During Campaign", "After Campaign")) -> During Campaign | S36: =F36 + G36 + H36 -> 4030 | T36: =(F36 + G36 + H36) / I36 -> 0.11861663
A37: P036 | B37: Instagram | C37: 45766 | D37: Story | E37: Check out our latest story on instagram! | F37: 4518 | G37: 285 | H37: 383 | I37: 67770 | J37: 67621 | K37: 31 | L37: #ThirstyForMore | O37: FestiveRadiance | P37: =IFS( O37="SummerSplash", DATE(2024,6,15), O37="FestiveRadiance", DATE(2024,10,1), O37="NewYearRefresh", DATE(2024,12,25), O37="DailyWellness", DATE(2025,3,1) ) -> 45566 | Q37: =IFS( O37="SummerSplash", DATE(2024,7,15), O37="FestiveRadiance", DATE(2024,10,31), O37="NewYearRefresh", DATE(2025,1,10), O37="DailyWellness", DATE(2025,3,31) ) -> 45596 | R37: =IF(C37 < N37, "Before Campaign", IF(AND(C37 >= N37, C37 <= O37), "During Campaign", "After Campaign")) -> During Campaign | S37: =F37 + G37 + H37 -> 5186 | T37: =(F37 + G37 + H37) / I37 -> 0.076523535
A38: P037 | B38: Facebook | C38: 45663 | D38: Carousel | E38: Check out our latest carousel on facebook! | F38: 3024 | G38: 925 | H38: 350 | I38: 24192 | J38: 23518 | K38: 36 | L38: #ThirstyForMore | O38: FestiveRadiance | P38: =IFS( O38="SummerSplash", DATE(2024,6,15), O38="FestiveRadiance", DATE(2024,10,1), O38="NewYearRefresh", DATE(2024,12,25), O38="DailyWellness", DATE(2025,3,1) ) -> 45566 | Q38: =IFS( O38="SummerSplash", DATE(2024,7,15), O38="FestiveRadiance", DATE(2024,10,31), O38="NewYearRefresh", DATE(2025,1,10), O38="DailyWellness", DATE(2025,3,31) ) -> 45596 | R38: =IF(C38 < N38, "Before Campaign", IF(AND(C38 >= N38, C38 <= O38), "During Campaign", "After Campaign")) -> During Campaign | S38: =F38 + G38 + H38 -> 4299 | T38: =(F38 + G38 + H38) / I38 -> 0.17770337
A39: P038 | B39: YouTube | C39: 45705 | D39: Reel | E39: Check out our latest reel on youtube! | F39: 3138 | G39: 123 | H39: 291 | I39: 28242 | J39: 27550 | K39: 87 | L39: #PepsiCoRefresh | O39: DailyWellness | P39: =IFS( O39="SummerSplash", DATE(2024,6,15), O39="FestiveRadiance", DATE(2024,10,1), O39="NewYearRefresh", DATE(2024,12,25), O39="DailyWellness", DATE(2025,3,1) ) -> 45717 | Q39: =IFS( O39="SummerSplash", DATE(2024,7,15), O39="FestiveRadiance", DATE(2024,10,31), O39="NewYearRefresh", DATE(2025,1,10), O39="DailyWellness", DATE(2025,3,31) ) -> 45747 | R39: =IF(C39 < N39, "Before Campaign", IF(AND(C39 >= N39, C39 <= O39), "During Campaign", "After Campaign")) -> During Campaign | S39: =F39 + G39 + H39 -> 3552 | T39: =(F39 + G39 + H39) / I39 -> 0.12577013
A40: P039 | B40: Facebook | C40: 45621 | D40: Image | E40: Check out our latest image on facebook! | F40: 3564 | G40: 629 | H40: 177 | I40: 60588 | J40: 59627 | K40: 92 | L40: #PepsiCoRefresh | R40: =IF(C40 < N40, "Before Campaign", IF(AND(C40 >= N40, C40 <= O40), "During Campaign", "After Campaign")) -> After Campaign | S40: =F40 + G40 + H40 -> 4370 | T40: =(F40 + G40 + H40) / I40 -> 0.072126494
A41: P040 | B41: Twitter | C41: 45723 | D41: Image | E41: Check out our latest image on twitter! | F41: 4750 | G41: 151 | H41: 415 | I41: 38000 | J41: 37792 | K41: 299 | L41: #ThirstyForMore | O41: DailyWellness | P41: =IFS( O41="SummerSplash", DATE(2024,6,15), O41="FestiveRadiance", DATE(2024,10,1), O41="NewYearRefresh", DATE(2024,12,25), O41="DailyWellness", DATE(2025,3,1) ) -> 45717 | Q41: =IFS( O41="SummerSplash", DATE(2024,7,15), O41="FestiveRadiance", DATE(2024,10,31), O41="NewYearRefresh", DATE(2025,1,10), O41="DailyWellness", DATE(2025,3,31) ) -> 45747 | R41: =IF(C41 < N41, "Before Campaign", IF(AND(C41 >= N41, C41 <= O41), "During Campaign", "After Campaign")) -> During Campaign | S41: =F41 + G41 + H41 -> 5316 | T41: =(F41 + G41 + H41) / I41 -> 0.13989474
A42: P041 | B42: Instagram | C42: 45724 | D42: Reel | E42: Check out our latest reel on instagram! | F42: 456 | G42: 629 | H42: 428 | I42: 8208 | J42: 7377 | K42: 205 | L42: #LiveForNow | O42: DailyWellness | P42: =IFS( O42="SummerSplash", DATE(2024,6,15), O42="FestiveRadiance", DATE(2024,10,1), O42="NewYearRefresh", DATE(2024,12,25), O42="DailyWellness", DATE(2025,3,1) ) -> 45717 | Q42: =IFS( O42="SummerSplash", DATE(2024,7,15), O42="FestiveRadiance", DATE(2024,10,31), O42="NewYearRefresh", DATE(2025,1,10), O42="DailyWellness", DATE(2025,3,31) ) -> 45747 | R42: =IF(C42 < N42, "Before Campaign", IF(AND(C42 >= N42, C42 <= O42), "During Campaign", "After Campaign")) -> During Campaign | S42: =F42 + G42 + H42 -> 1513 | T42: =(F42 + G42 + H42) / I42 -> 0.18433236
A43: P042 | B43: YouTube | C43: 45721 | D43: Reel | E43: Check out our latest reel on youtube! | F43: 1543 | G43: 820 | H43: 333 | I43: 12344 | J43: 11496 | K43: 241 | L43: #ThirstyForMore | R43: =IF(C43 < N43, "Before Campaign", IF(AND(C43 >= N43, C43 <= O43), "During Campaign", "After Campaign")) -> After Campaign | S43: =F43 + G43 + H43 -> 2696 | T43: =(F43 + G43 + H43) / I43 -> 0.2184057
A44: P043 | B44: Instagram | C44: 45640 | D44: Carousel | E44: Check out our latest carousel on instagram! | F44: 2174 | G44: 658 | H44: 15 | I44: 13044 | J44: 12206 | K44: 137 | L44: #PepsiCoRefresh | O44: NewYearRefresh | P44: =IFS( O44="SummerSplash", DATE(2024,6,15), O44="FestiveRadiance", DATE(2024,10,1), O44="NewYearRefresh", DATE(2024,12,25), O44="DailyWellness", DATE(2025,3,1) ) -> 45651 | Q44: =IFS( O44="SummerSplash", DATE(2024,7,15), O44="FestiveRadiance", DATE(2024,10,31), O44="NewYearRefresh", DATE(2025,1,10), O44="DailyWellness", DATE(2025,3,31) ) -> 45667 | R44: =IF(C44 < N44, "Before Campaign", IF(AND(C44 >= N44, C44 <= O44), "During Campaign", "After Campaign")) -> During Campaign | S44: =F44 + G44 + H44 -> 2847 | T44: =(F44 + G44 + H44) / I44 -> 0.21826127
A45: P044 | B45: Twitter | C45: 45718 | D45: Image | E45: Check out our latest image on twitter! | F45: 2358 | G45: 784 | H45: 344 | I45: 35370 | J45: 34475 | K45: 216 | L45: #PepsiCoRefresh | R45: =IF(C45 < N45, "Before Campaign", IF(AND(C45 >= N45, C45 <= O45), "During Campaign", "After Campaign")) -> After Campaign | S45: =F45 + G45 + H45 -> 3486 | T45: =(F45 + G45 + H45) / I45 -> 0.0985581
A46: P045 | B46: Facebook | C46: 45597 | D46: Video | E46: Check out our latest video on facebook! | F46: 3371 | G46: 106 | H46: 327 | I46: 50565 | J46: 49816 | K46: 176 | L46: #LiveForNow | O46: SummerSplash | P46: =IFS( O46="SummerSplash", DATE(2024,6,15), O46="FestiveRadiance", DATE(2024,10,1), O46="NewYearRefresh", DATE(2024,12,25), O46="DailyWellness", DATE(2025,3,1) ) -> 45458 | Q46: =IFS( O46="SummerSplash", DATE(2024,7,15), O46="FestiveRadiance", DATE(2024,10,31), O46="NewYearRefresh", DATE(2025,1,10), O46="DailyWellness", DATE(2025,3,31) ) -> 45488 | R46: =IF(C46 < N46, "Before Campaign", IF(AND(C46 >= N46, C46 <= O46), "During Campaign", "After Campaign")) -> During Campaign | S46: =F46 + G46 + H46 -> 3804 | T46: =(F46 + G46 + H46) / I46 -> 0.075229902
A47: P046 | B47: Twitter | C47: 45779 | D47: Video | E47: Check out our latest video on twitter! | F47: 1108 | G47: 177 | H47: 212 | I47: 8864 | J47: 8710 | K47: 97 | L47: #PepsiCoRefresh | O47: DailyWellness | P47: =IFS( O47="SummerSplash", DATE(2024,6,15), O47="FestiveRadiance", DATE(2024,10,1), O47="NewYearRefresh", DATE(2024,12,25), O47="DailyWellness", DATE(2025,3,1) ) -> 45717 | Q47: =IFS( O47="SummerSplash", DATE(2024,7,15), O47="FestiveRadiance", DATE(2024,10,31), O47="NewYearRefresh", DATE(2025,1,10), O47="DailyWellness", DATE(2025,3,31) ) -> 45747 | R47: =IF(C47 < N47, "Before Campaign", IF(AND(C47 >= N47, C47 <= O47), "During Campaign", "After Campaign")) -> During Campaign | S47: =F47 + G47 + H47 -> 1497 | T47: =(F47 + G47 + H47) / I47 -> 0.16888538
A48: P047 | B48: Twitter | C48: 45712 | D48: Carousel | E48: Check out our latest carousel on twitter! | F48: 2704 | G48: 752 | H48: 153 | I48: 21632 | J48: 20792 | K48: 127 | L48: #LiveForNow | R48: =IF(C48 < N48, "Before Campaign", IF(AND(C48 >= N48, C48 <= O48), "During Campaign", "After Campaign")) -> After Campaign | S48: =F48 + G48 + H48 -> 3609 | T48: =(F48 + G48 + H48) / I48 -> 0.16683617
A49: P048 | B49: Twitter | C49: 45727 | D49: Story | E49: Check out our latest story on twitter! | F49: 1950 | G49: 295 | H49: 478 | I49: 37050 | J49: 36272 | K49: 119 | L49: #PepsiCoRefresh | R49: =IF(C49 < N49, "Before Campaign", IF(AND(C49 >= N49, C49 <= O49), "During Campaign", "After Campaign")) -> After Campaign | S49: =F49 + G49 + H49 -> 2723 | T49: =(F49 + G49 + H49) / I49 -> 0.073495277
A50: P049 | B50: Twitter | C50: 45453 | D50: Story | E50: Check out our latest story on twitter! | F50: 2164 | G50: 549 | H50: 274 | I50: 28132 | J50: 27361 | K50: 177 | L50: #PepsiCoRefresh | O50: DailyWellness | P50: =IFS( O50="SummerSplash", DATE(2024,6,15), O50="FestiveRadiance", DATE(2024,10,1), O50="NewYearRefresh", DATE(2024,12,25), O50="DailyWellness", DATE(2025,3,1) ) -> 45717 | Q50: =IFS( O50="SummerSplash", DATE(2024,7,15), O50="FestiveRadiance", DATE(2024,10,31), O50="NewYearRefresh", DATE(2025,1,10), O50="DailyWellness", DATE(2025,3,31) ) -> 45747 | R50: =IF(C50 < N50, "Before Campaign", IF(AND(C50 >= N50, C50 <= O50), "During Campaign", "After Campaign")) -> During Campaign | S50: =F50 + G50 + H50 -> 2987 | T50: =(F50 + G50 + H50) / I50 -> 0.10617802
A51: P050 | B51: YouTube | C51: 45476 | D51: Story | E51: Check out our latest story on youtube! | F51: 2754 | G51: 130 | H51: 90 | I51: 22032 | J51: 21288 | K51: 112 | L51: #PepsiCoRefresh | O51: NewYearRefresh | P51: =IFS( O51="SummerSplash", DATE(2024,6,15), O51="FestiveRadiance", DATE(2024,10,1), O51="NewYearRefresh", DATE(2024,12,25), O51="DailyWellness", DATE(2025,3,1) ) -> 45651 | Q51: =IFS( O51="SummerSplash", DATE(2024,7,15), O51="FestiveRadiance", DATE(2024,10,31), O51="NewYearRefresh", DATE(2025,1,10), O51="DailyWellness", DATE(2025,3,31) ) -> 45667 | R51: =IF(C51 < N51, "Before Campaign", IF(AND(C51 >= N51, C51 <= O51), "During Campaign", "After Campaign")) -> During Campaign | S51: =F51 + G51 + H51 -> 2974 | T51: =(F51 + G51 + H51) / I51 -> 0.13498548
A52: P051 | B52: Facebook | C52: 45456 | D52: Carousel | E52: Check out our latest carousel on facebook! | F52: 2200 | G52: 504 | H52: 239 | I52: 37400 | J52: 36938 | K52: 225 | L52: #LiveForNow | O52: FestiveRadiance | P52: =IFS( O52="SummerSplash", DATE(2024,6,15), O52="FestiveRadiance", DATE(2024,10,1), O52="NewYearRefresh", DATE(2024,12,25), O52="DailyWellness", DATE(2025,3,1) ) -> 45566 | Q52: =IFS( O52="SummerSplash", DATE(2024,7,15), O52="FestiveRadiance", DATE(2024,10,31), O52="NewYearRefresh", DATE(2025,1,10), O52="DailyWellness", DATE(2025,3,31) ) -> 45596 | R52: =IF(C52 < N52, "Before Campaign", IF(AND(C52 >= N52, C52 <= O52), "During Campaign", "After Campaign")) -> During Campaign | S52: =F52 + G52 + H52 -> 2943 | T52: =(F52 + G52 + H52) / I52 -> 0.07868984
A53: P052 | B53: Facebook | C53: 45660 | D53: Image | E53: Check out our latest image on facebook! | F53: 947 | G53: 338 | H53: 350 | I53: 10417 | J53: 9730 | K53: 34 | L53: #PepsiCoRefresh | O53: DailyWellness | P53: =IFS( O53="SummerSplash", DATE(2024,6,15), O53="FestiveRadiance", DATE(2024,10,1), O53="NewYearRefresh", DATE(2024,12,25), O53="DailyWellness", DATE(2025,3,1) ) -> 45717 | Q53: =IFS( O53="SummerSplash", DATE(2024,7,15), O53="FestiveRadiance", DATE(2024,10,31), O53="NewYearRefresh", DATE(2025,1,10), O53="DailyWellness", DATE(2025,3,31) ) -> 45747 | R53: =IF(C53 < N53, "Before Campaign", IF(AND(C53 >= N53, C53 <= O53), "During Campaign", "After Campaign")) -> During Campaign | S53: =F53 + G53 + H53 -> 1635 | T53: =(F53 + G53 + H53) / I53 -> 0.15695498
A54: P053 | B54: YouTube | C54: 45712 | D54: Carousel | E54: Check out our latest carousel on youtube! | F54: 804 | G54: 639 | H54: 43 | I54: 4020 | J54: 3144 | K54: 11 | L54: #ThirstyForMore | M54: #BetterWithPepsi | R54: =IF(C54 < N54, "Before Campaign", IF(AND(C54 >= N54, C54 <= O54), "During Campaign", "After Campaign")) -> After Campaign | S54: =F54 + G54 + H54 -> 1486 | T54: =(F54 + G54 + H54) / I54 -> 0.36965174
A55: P054 | B55: YouTube | C55: 45729 | D55: Carousel | E55: Check out our latest carousel on youtube! | F55: 1686 | G55: 904 | H55: 472 | I55: 18546 | J55: 18171 | K55: 52 | L55: #LiveForNow | O55: FestiveRadiance | P55: =IFS( O55="SummerSplash", DATE(2024,6,15), O55="FestiveRadiance", DATE(2024,10,1), O55="NewYearRefresh", DATE(2024,12,25), O55="DailyWellness", DATE(2025,3,1) ) -> 45566 | Q55: =IFS( O55="SummerSplash", DATE(2024,7,15), O55="FestiveRadiance", DATE(2024,10,31), O55="NewYearRefresh", DATE(2025,1,10), O55="DailyWellness", DATE(2025,3,31) ) -> 45596 | R55: =IF(C55 < N55, "Before Campaign", IF(AND(C55 >= N55, C55 <= O55), "During Campaign", "After Campaign")) -> During Campaign | S55: =F55 + G55 + H55 -> 3062 | T55: =(F55 + G55 + H55) / I55 -> 0.16510299
A56: P055 | B56: Facebook | C56: 45460 | D56: Image | E56: Check out our latest image on facebook! | F56: 1226 | G56: 119 | H56: 7 | I56: 14712 | J56: 14049 | K56: 123 | L56: #ThirstyForMore | O56: DailyWellness | P56: =IFS( O56="SummerSplash", DATE(2024,6,15), O56="FestiveRadiance", DATE(2024,10,1), O56="NewYearRefresh", DATE(2024,12,25), O56="DailyWellness", DATE(2025,3,1) ) -> 45717 | Q56: =IFS( O56="SummerSplash", DATE(2024,7,15), O56="FestiveRadiance", DATE(2024,10,31), O56="NewYearRefresh", DATE(2025,1,10), O56="DailyWellness", DATE(2025,3,31) ) -> 45747 | R56: =IF(C56 < N56, "Before Campaign", IF(AND(C56 >= N56, C56 <= O56), "During Campaign", "After Campaign")) -> During Campaign | S56: =F56 + G56 + H56 -> 1352 | T56: =(F56 + G56 + H56) / I56 -> 0.091897771
A57: P056 | B57: Facebook | C57: 45644 | D57: Carousel | E57: Check out our latest carousel on facebook! | F57: 2946 | G57: 498 | H57: 367 | I57: 29460 | J57: 28527 | K57: 60 | L57: #LiveForNow | O57: NewYearRefresh | P57: =IFS( O57="SummerSplash", DATE(2024,6,15), O57="FestiveRadiance", DATE(2024,10,1), O57="NewYearRefresh", DATE(2024,12,25), O57="DailyWellness", DATE(2025,3,1) ) -> 45651 | Q57: =IFS( O57="SummerSplash", DATE(2024,7,15), O57="FestiveRadiance", DATE(2024,10,31), O57="NewYearRefresh", DATE(2025,1,10), O57="DailyWellness", DATE(2025,3,31) ) -> 45667 | R57: =IF(C57 < N57, "Before Campaign", IF(AND(C57 >= N57, C57 <= O57), "During Campaign", "After Campaign")) -> During Campaign | S57: =F57 + G57 + H57 -> 3811 | T57: =(F57 + G57 + H57) / I57 -> 0.12936185
A58: P057 | B58: Twitter | C58: 45586 | D58: Video | E58: Check out our latest video on twitter! | F58: 2825 | G58: 535 | H58: 295 | I58: 45200 | J58: 44739 | K58: 169 | L58: #PepsiCoRefresh | O58: SummerSplash | P58: =IFS( O58="SummerSplash", DATE(2024,6,15), O58="FestiveRadiance", DATE(2024,10,1), O58="NewYearRefresh", DATE(2024,12,25), O58="DailyWellness", DATE(2025,3,1) ) -> 45458 | Q58: =IFS( O58="SummerSplash", DATE(2024,7,15), O58="FestiveRadiance", DATE(2024,10,31), O58="NewYearRefresh", DATE(2025,1,10), O58="DailyWellness", DATE(2025,3,31) ) -> 45488 | R58: =IF(C58 < N58, "Before Campaign", IF(AND(C58 >= N58, C58 <= O58), "During Campaign", "After Campaign")) -> During Campaign | S58: =F58 + G58 + H58 -> 3655 | T58: =(F58 + G58 + H58) / I58 -> 0.080862832
A59: P058 | B59: Instagram | C59: 45762 | D59: Reel | E59: Check out our latest reel on instagram! | F59: 103 | G59: 770 | H59: 19 | I59: 1030 | J59: 410 | K59: 262 | L59: #PepsiCoRefresh | O59: DailyWellness | P59: =IFS( O59="SummerSplash", DATE(2024,6,15), O59="FestiveRadiance", DATE(2024,10,1), O59="NewYearRefresh", DATE(2024,12,25), O59="DailyWellness", DATE(2025,3,1) ) -> 45717 | Q59: =IFS( O59="SummerSplash", DATE(2024,7,15), O59="FestiveRadiance", DATE(2024,10,31), O59="NewYearRefresh", DATE(2025,1,10), O59="DailyWellness", DATE(2025,3,31) ) -> 45747 | R59: =IF(C59 < N59, "Before Campaign", IF(AND(C59 >= N59, C59 <= O59), "During Campaign", "After Campaign")) -> During Campaign | S59: =F59 + G59 + H59 -> 892 | T59: =(F59 + G59 + H59) / I59 -> 0.86601942
A60: P059 | B60: Instagram | C60: 45465 | D60: Text | E60: Check out our latest text on instagram! | F60: 2180 | G60: 263 | H60: 387 | I60: 30520 | J60: 30059 | K60: 174 | L60: #ThirstyForMore | R60: =IF(C60 < N60, "Before Campaign", IF(AND(C60 >= N60, C60 <= O60), "During Campaign", "After Campaign")) -> After Campaign | S60: =F60 + G60 + H60 -> 2830 | T60: =(F60 + G60 + H60) / I60 -> 0.092726081
A61: P060 | B61: Instagram | C61: 45685 | D61: Video | E61: Check out our latest video on instagram! | F61: 904 | G61: 973 | H61: 63 | I61: 11752 | J61: 11580 | K61: 84 | L61: #ThirstyForMore | M61: #PepsiCoRefresh | N61: #AnytimeIsPepsiTime | O61: NewYearRefresh | P61: =IFS( O61="SummerSplash", DATE(2024,6,15), O61="FestiveRadiance", DATE(2024,10,1), O61="NewYearRefresh", DATE(2024,12,25), O61="DailyWellness", DATE(2025,3,1) ) -> 45651 | Q61: =IFS( O61="SummerSplash", DATE(2024,7,15), O61="FestiveRadiance", DATE(2024,10,31), O61="NewYearRefresh", DATE(2025,1,10), O61="DailyWellness", DATE(2025,3,31) ) -> 45667 | R61: =IF(C61 < N61, "Before Campaign", IF(AND(C61 >= N61, C61 <= O61), "During Campaign", "After Campaign")) -> Before Campaign | S61: =F61 + G61 + H61 -> 1940 | T61: =(F61 + G61 + H61) / I61 -> 0.16507828
A62: P061 | B62: Twitter | C62: 45540 | D62: Video | E62: Check out our latest video on twitter! | F62: 4886 | G62: 983 | H62: 409 | I62: 43974 | J62: 43239 | K62: 65 | L62: #PepsiCoRefresh | O62: SummerSplash | P62: =IFS( O62="SummerSplash", DATE(2024,6,15), O62="FestiveRadiance", DATE(2024,10,1), O62="NewYearRefresh", DATE(2024,12,25), O62="DailyWellness", DATE(2025,3,1) ) -> 45458 | Q62: =IFS( O62="SummerSplash", DATE(2024,7,15), O62="FestiveRadiance", DATE(2024,10,31), O62="NewYearRefresh", DATE(2025,1,10), O62="DailyWellness", DATE(2025,3,31) ) -> 45488 | R62: =IF(C62 < N62, "Before Campaign", IF(AND(C62 >= N62, C62 <= O62), "During Campaign", "After Campaign")) -> During Campaign | S62: =F62 + G62 + H62 -> 6278 | T62: =(F62 + G62 + H62) / I62 -> 0.14276618
A63: P062 | B63: Twitter | C63: 45618 | D63: Carousel | E63: Check out our latest carousel on twitter! | F63: 53 | G63: 81 | H63: 379 | I63: 954 | J63: 7 | K63: 148 | L63: #PepsiCoRefresh | O63: NewYearRefresh | P63: =IFS( O63="SummerSplash", DATE(2024,6,15), O63="FestiveRadiance", DATE(2024,10,1), O63="NewYearRefresh", DATE(2024,12,25), O63="DailyWellness", DATE(2025,3,1) ) -> 45651 | Q63: =IFS( O63="SummerSplash", DATE(2024,7,15), O63="FestiveRadiance", DATE(2024,10,31), O63="NewYearRefresh", DATE(2025,1,10), O63="DailyWellness", DATE(2025,3,31) ) -> 45667 | R63: =IF(C63 < N63, "Before Campaign", IF(AND(C63 >= N63, C63 <= O63), "During Campaign", "After Campaign")) -> During Campaign | S63: =F63 + G63 + H63 -> 513 | T63: =(F63 + G63 + H63) / I63 -> 0.53773585
A64: P063 | B64: Twitter | C64: 45504 | D64: Carousel | E64: Check out our latest carousel on twitter! | F64: 4507 | G64: 217 | H64: 13 | I64: 90140 | J64: 89591 | K64: 125 | L64: #LiveForNow | O64: NewYearRefresh | P64: =IFS( O64="SummerSplash", DATE(2024,6,15), O64="FestiveRadiance", DATE(2024,10,1), O64="NewYearRefresh", DATE(2024,12,25), O64="DailyWellness", DATE(2025,3,1) ) -> 45651 | Q64: =IFS( O64="SummerSplash", DATE(2024,7,15), O64="FestiveRadiance", DATE(2024,10,31), O64="NewYearRefresh", DATE(2025,1,10), O64="DailyWellness", DATE(2025,3,31) ) -> 45667 | R64: =IF(C64 < N64, "Before Campaign", IF(AND(C64 >= N64, C64 <= O64), "During Campaign", "After Campaign")) -> During Campaign | S64: =F64 + G64 + H64 -> 4737 | T64: =(F64 + G64 + H64) / I64 -> 0.052551586
A65: P064 | B65: Facebook | C65: 45521 | D65: Image | E65: Check out our latest image on facebook! | F65: 2878 | G65: 248 | H65: 416 | I65: 43170 | J65: 42667 | K65: 75 | L65: #LiveForNow | O65: NewYearRefresh | P65: =IFS( O65="SummerSplash", DATE(2024,6,15), O65="FestiveRadiance", DATE(2024,10,1), O65="NewYearRefresh", DATE(2024,12,25), O65="DailyWellness", DATE(2025,3,1) ) -> 45651 | Q65: =IFS( O65="SummerSplash", DATE(2024,7,15), O65="FestiveRadiance", DATE(2024,10,31), O65="NewYearRefresh", DATE(2025,1,10), O65="DailyWellness", DATE(2025,3,31) ) -> 45667 | R65: =IF(C65 < N65, "Before Campaign", IF(AND(C65 >= N65, C65 <= O65), "During Campaign", "After Campaign")) -> During Campaign | S65: =F65 + G65 + H65 -> 3542 | T65: =(F65 + G65 + H65) / I65 -> 0.082047718
A66: P065 | B66: Instagram | C66: 45744 | D66: Story | E66: Check out our latest story on instagram! | F66: 1881 | G66: 501 | H66: 99 | I66: 20691 | J66: 19987 | K66: 289 | L66: #ThirstyForMore | R66: =IF(C66 < N66, "Before Campaign", IF(AND(C66 >= N66, C66 <= O66), "During Campaign", "After Campaign")) -> After Campaign | S66: =F66 + G66 + H66 -> 2481 | T66: =(F66 + G66 + H66) / I66 -> 0.11990721
A67: P066 | B67: Twitter | C67: 45499 | D67: Carousel | E67: Check out our latest carousel on twitter! | F67: 432 | G67: 171 | H67: 280 | I67: 3024 | J67: 2285 | K67: 184 | L67: #ThirstyForMore | O67: SummerSplash | P67: =IFS( O67="SummerSplash", DATE(2024,6,15), O67="FestiveRadiance", DATE(2024,10,1), O67="NewYearRefresh", DATE(2024,12,25), O67="DailyWellness", DATE(2025,3,1) ) -> 45458 | Q67: =IFS( O67="SummerSplash", DATE(2024,7,15), O67="FestiveRadiance", DATE(2024,10,31), O67="NewYearRefresh", DATE(2025,1,10), O67="DailyWellness", DATE(2025,3,31) ) -> 45488 | R67: =IF(C67 < N67, "Before Campaign", IF(AND(C67 >= N67, C67 <= O67), "During Campaign", "After Campaign")) -> During Campaign | S67: =F67 + G67 + H67 -> 883 | T67: =(F67 + G67 + H67) / I67 -> 0.29199735
A68: P067 | B68: Facebook | C68: 45745 | D68: Carousel | E68: Check out our latest carousel on facebook! | F68: 4712 | G68: 568 | H68: 127 | I68: 84816 | J68: 84691 | K68: 100 | L68: #ThirstyForMore | O68: NewYearRefresh | P68: =IFS( O68="SummerSplash", DATE(2024,6,15), O68="FestiveRadiance", DATE(2024,10,1), O68="NewYearRefresh", DATE(2024,12,25), O68="DailyWellness", DATE(2025,3,1) ) -> 45651 | Q68: =IFS( O68="SummerSplash", DATE(2024,7,15), O68="FestiveRadiance", DATE(2024,10,31), O68="NewYearRefresh", DATE(2025,1,10), O68="DailyWellness", DATE(2025,3,31) ) -> 45667 | R68: =IF(C68 < N68, "Before Campaign", IF(AND(C68 >= N68, C68 <= O68), "During Campaign", "After Campaign")) -> During Campaign | S68: =F68 + G68 + H68 -> 5407 | T68: =(F68 + G68 + H68) / I68 -> 0.063749764
A69: P068 | B69: Instagram | C69: 45634 | D69: Story | E69: Check out our latest story on instagram! | F69: 2610 | G69: 126 | H69: 288 | I69: 15660 | J69: 15145 | K69: 73 | L69: #ThirstyForMore | R69: =IF(C69 < N69, "Before Campaign", IF(AND(C69 >= N69, C69 <= O69), "During Campaign", "After Campaign")) -> After Campaign | S69: =F69 + G69 + H69 -> 3024 | T69: =(F69 + G69 + H69) / I69 -> 0.19310345
A70: P069 | B70: Twitter | C70: 45724 | D70: Text | E70: Check out our latest text on twitter! | F70: 1292 | G70: 626 | H70: 496 | I70: 25840 | J70: 24916 | K70: 149 | L70: #LiveForNow | O70: NewYearRefresh | P70: =IFS( O70="SummerSplash", DATE(2024,6,15), O70="FestiveRadiance", DATE(2024,10,1), O70="NewYearRefresh", DATE(2024,12,25), O70="DailyWellness", DATE(2025,3,1) ) -> 45651 | Q70: =IFS( O70="SummerSplash", DATE(2024,7,15), O70="FestiveRadiance", DATE(2024,10,31), O70="NewYearRefresh", DATE(2025,1,10), O70="DailyWellness", DATE(2025,3,31) ) -> 45667 | R70: =IF(C70 < N70, "Before Campaign", IF(AND(C70 >= N70, C70 <= O70), "During Campaign", "After Campaign")) -> During Campaign | S70: =F70 + G70 + H70 -> 2414 | T70: =(F70 + G70 + H70) / I70 -> 0.093421053
A71: P070 | B71: Facebook | C71: 45749 | D71: Video | E71: Check out our latest video on facebook! | F71: 199 | G71: 772 | H71: 400 | I71: 3582 | J71: 2988 | K71: 43 | L71: #PepsiCoRefresh | R71: =IF(C71 < N71, "Before Campaign", IF(AND(C71 >= N71, C71 <= O71), "During Campaign", "After Campaign")) -> After Campaign | S71: =F71 + G71 + H71 -> 1371 | T71: =(F71 + G71 + H71) / I71 -> 0.38274707
A72: P071 | B72: YouTube | C72: 45537 | D72: Carousel | E72: Check out our latest carousel on youtube! | F72: 2551 | G72: 915 | H72: 205 | I72: 30612 | J72: 30360 | K72: 227 | L72: #PepsiCoRefresh | O72: FestiveRadiance | P72: =IFS( O72="SummerSplash", DATE(2024,6,15), O72="FestiveRadiance", DATE(2024,10,1), O72="NewYearRefresh", DATE(2024,12,25), O72="DailyWellness", DATE(2025,3,1) ) -> 45566 | Q72: =IFS( O72="SummerSplash", DATE(2024,7,15), O72="FestiveRadiance", DATE(2024,10,31), O72="NewYearRefresh", DATE(2025,1,10), O72="DailyWellness", DATE(2025,3,31) ) -> 45596 | R72: =IF(C72 < N72, "Before Campaign", IF(AND(C72 >= N72, C72 <= O72), "During Campaign", "After Campaign")) -> During Campaign | S72: =F72 + G72 + H72 -> 3671 | T72: =(F72 + G72 + H72) / I72 -> 0.11992029
A73: P072 | B73: YouTube | C73: 45719 | D73: Reel | E73: Check out our latest reel on youtube! | F73: 296 | G73: 60 | H73: 141 | I73: 5624 | J73: 5239 | K73: 88 | L73: #ThirstyForMore | O73: FestiveRadiance | P73: =IFS( O73="SummerSplash", DATE(2024,6,15), O73="FestiveRadiance", DATE(2024,10,1), O73="NewYearRefresh", DATE(2024,12,25), O73="DailyWellness", DATE(2025,3,1) ) -> 45566 | Q73: =IFS( O73="SummerSplash", DATE(2024,7,15), O73="FestiveRadiance", DATE(2024,10,31), O73="NewYearRefresh", DATE(2025,1,10), O73="DailyWellness", DATE(2025,3,31) ) -> 45596 | R73: =IF(C73 < N73, "Before Campaign", IF(AND(C73 >= N73, C73 <= O73), "During Campaign", "After Campaign")) -> During Campaign | S73: =F73 + G73 + H73 -> 497 | T73: =(F73 + G73 + H73) / I73 -> 0.088371266
A74: P073 | B74: Facebook | C74: 45583 | D74: Story | E74: Check out our latest story on facebook! | F74: 4126 | G74: 426 | H74: 486 | I74: 78394 | J74: 77798 | K74: 88 | L74: #LiveForNow | O74: DailyWellness | P74: =IFS( O74="SummerSplash", DATE(2024,6,15), O74="FestiveRadiance", DATE(2024,10,1), O74="NewYearRefresh", DATE(2024,12,25), O74="DailyWellness", DATE(2025,3,1) ) -> 45717 | Q74: =IFS( O74="SummerSplash", DATE(2024,7,15), O74="FestiveRadiance", DATE(2024,10,31), O74="NewYearRefresh", DATE(2025,1,10), O74="DailyWellness", DATE(2025,3,31) ) -> 45747 | R74: =IF(C74 < N74, "Before Campaign", IF(AND(C74 >= N74, C74 <= O74), "During Campaign", "After Campaign")) -> During Campaign | S74: =F74 + G74 + H74 -> 5038 | T74: =(F74 + G74 + H74) / I74 -> 0.064265122
A75: P074 | B75: YouTube | C75: 45593 | D75: Reel | E75: Check out our latest reel on youtube! | F75: 1855 | G75: 200 | H75: 174 | I75: 16695 | J75: 16330 | K75: 123 | L75: #PepsiCoRefresh | O75: NewYearRefresh | P75: =IFS( O75="SummerSplash", DATE(2024,6,15), O75="FestiveRadiance", DATE(2024,10,1), O75="NewYearRefresh", DATE(2024,12,25), O75="DailyWellness", DATE(2025,3,1) ) -> 45651 | Q75: =IFS( O75="SummerSplash", DATE(2024,7,15), O75="FestiveRadiance", DATE(2024,10,31), O75="NewYearRefresh", DATE(2025,1,10), O75="DailyWellness", DATE(2025,3,31) ) -> 45667 | R75: =IF(C75 < N75, "Before Campaign", IF(AND(C75 >= N75, C75 <= O75), "During Campaign", "After Campaign")) -> During Campaign | S75: =F75 + G75 + H75 -> 2229 | T75: =(F75 + G75 + H75) / I75 -> 0.13351303
A76: P075 | B76: Instagram | C76: 45505 | D76: Reel | E76: Check out our latest reel on instagram! | F76: 1674 | G76: 929 | H76: 37 | I76: 21762 | J76: 20998 | K76: 255 | L76: #PepsiCoRefresh | O76: DailyWellness | P76: =IFS( O76="SummerSplash", DATE(2024,6,15), O76="FestiveRadiance", DATE(2024,10,1), O76="NewYearRefresh", DATE(2024,12,25), O76="DailyWellness", DATE(2025,3,1) ) -> 45717 | Q76: =IFS( O76="SummerSplash", DATE(2024,7,15), O76="FestiveRadiance", DATE(2024,10,31), O76="NewYearRefresh", DATE(2025,1,10), O76="DailyWellness", DATE(2025,3,31) ) -> 45747 | R76: =IF(C76 < N76, "Before Campaign", IF(AND(C76 >= N76, C76 <= O76), "During Campaign", "After Campaign")) -> During Campaign | S76: =F76 + G76 + H76 -> 2640 | T76: =(F76 + G76 + H76) / I76 -> 0.12131238
A77: P076 | B77: Twitter | C77: 45603 | D77: Story | E77: Check out our latest story on twitter! | F77: 1121 | G77: 135 | H77: 18 | I77: 15694 | J77: 14957 | K77: 99 | L77: #PepsiCoRefresh | O77: DailyWellness | P77: =IFS( O77="SummerSplash", DATE(2024,6,15), O77="FestiveRadiance", DATE(2024,10,1), O77="NewYearRefresh", DATE(2024,12,25), O77="DailyWellness", DATE(2025,3,1) ) -> 45717 | Q77: =IFS( O77="SummerSplash", DATE(2024,7,15), O77="FestiveRadiance", DATE(2024,10,31), O77="NewYearRefresh", DATE(2025,1,10), O77="DailyWellness", DATE(2025,3,31) ) -> 45747 | R77: =IF(C77 < N77, "Before Campaign", IF(AND(C77 >= N77, C77 <= O77), "During Campaign", "After Campaign")) -> During Campaign | S77: =F77 + G77 + H77 -> 1274 | T77: =(F77 + G77 + H77) / I77 -> 0.08117752
A78: P077 | B78: Facebook | C78: 45720 | D78: Story | E78: Check out our latest story on facebook! | F78: 1249 | G78: 116 | H78: 420 | I78: 8743 | J78: 8538 | K78: 63 | L78: #PepsiCoRefresh | R78: =IF(C78 < N78, "Before Campaign", IF(AND(C78 >= N78, C78 <= O78), "During Campaign", "After Campaign")) -> After Campaign | S78: =F78 + G78 + H78 -> 1785 | T78: =(F78 + G78 + H78) / I78 -> 0.20416333
A79: P078 | B79: Twitter | C79: 45460 | D79: Image | E79: Check out our latest image on twitter! | F79: 954 | G79: 324 | H79: 288 | I79: 19080 | J79: 18859 | K79: 21 | L79: #LiveForNow | O79: DailyWellness | P79: =IFS( O79="SummerSplash", DATE(2024,6,15), O79="FestiveRadiance", DATE(2024,10,1), O79="NewYearRefresh", DATE(2024,12,25), O79="DailyWellness", DATE(2025,3,1) ) -> 45717 | Q79: =IFS( O79="SummerSplash", DATE(2024,7,15), O79="FestiveRadiance", DATE(2024,10,31), O79="NewYearRefresh", DATE(2025,1,10), O79="DailyWellness", DATE(2025,3,31) ) -> 45747 | R79: =IF(C79 < N79, "Before Campaign", IF(AND(C79 >= N79, C79 <= O79), "During Campaign", "After Campaign")) -> During Campaign | S79: =F79 + G79 + H79 -> 1566 | T79: =(F79 + G79 + H79) / I79 -> 0.082075472
A80: P079 | B80: Instagram | C80: 45574 | D80: Carousel | E80: Check out our latest carousel on instagram! | F80: 3068 | G80: 137 | H80: 329 | I80: 39884 | J80: 39404 | K80: 266 | L80: #ThirstyForMore | O80: FestiveRadiance | P80: =IFS( O80="SummerSplash", DATE(2024,6,15), O80="FestiveRadiance", DATE(2024,10,1), O80="NewYearRefresh", DATE(2024,12,25), O80="DailyWellness", DATE(2025,3,1) ) -> 45566 | Q80: =IFS( O80="SummerSplash", DATE(2024,7,15), O80="FestiveRadiance", DATE(2024,10,31), O80="NewYearRefresh", DATE(2025,1,10), O80="DailyWellness", DATE(2025,3,31) ) -> 45596 | R80: =IF(C80 < N80, "Before Campaign", IF(AND(C80 >= N80, C80 <= O80), "During Campaign", "After Campaign")) -> During Campaign | S80: =F80 + G80 + H80 -> 3534 | T80: =(F80 + G80 + H80) / I80 -> 0.08860696
A81: P080 | B81: Instagram | C81: 45456 | D81: Story | E81: Check out our latest story on instagram! | F81: 2103 | G81: 892 | H81: 103 | I81: 39957 | J81: 39466 | K81: 28 | L81: #LiveForNow | R81: =IF(C81 < N81, "Before Campaign", IF(AND(C81 >= N81, C81 <= O81), "During Campaign", "After Campaign")) -> After Campaign | S81: =F81 + G81 + H81 -> 3098 | T81: =(F81 + G81 + H81) / I81 -> 0.077533348
A82: P081 | B82: Instagram | C82: 45584 | D82: Story | E82: Check out our latest story on instagram! | F82: 1816 | G82: 29 | H82: 41 | I82: 19976 | J82: 19262 | K82: 283 | L82: #PepsiCoRefresh | O82: NewYearRefresh | P82: =IFS( O82="SummerSplash", DATE(2024,6,15), O82="FestiveRadiance", DATE(2024,10,1), O82="NewYearRefresh", DATE(2024,12,25), O82="DailyWellness", DATE(2025,3,1) ) -> 45651 | Q82: =IFS( O82="SummerSplash", DATE(2024,7,15), O82="FestiveRadiance", DATE(2024,10,31), O82="NewYearRefresh", DATE(2025,1,10), O82="DailyWellness", DATE(2025,3,31) ) -> 45667 | R82: =IF(C82 < N82, "Before Campaign", IF(AND(C82 >= N82, C82 <= O82), "During Campaign", "After Campaign")) -> During Campaign | S82: =F82 + G82 + H82 -> 1886 | T82: =(F82 + G82 + H82) / I82 -> 0.094413296
A83: P082 | B83: Instagram | C83: 45497 | D83: Image | E83: Check out our latest image on instagram! | F83: 725 | G83: 88 | H83: 428 | I83: 14500 | J83: 13637 | K83: 200 | L83: #LiveForNow | M83: #PepsiCoRefresh | N83: #AnytimeIsPepsiTime | O83: NewYearRefresh | P83: =IFS( O83="SummerSplash", DATE(2024,6,15), O83="FestiveRadiance", DATE(2024,10,1), O83="NewYearRefresh", DATE(2024,12,25), O83="DailyWellness", DATE(2025,3,1) ) -> 45651 | Q83: =IFS( O83="SummerSplash", DATE(2024,7,15), O83="FestiveRadiance", DATE(2024,10,31), O83="NewYearRefresh", DATE(2025,1,10), O83="DailyWellness", DATE(2025,3,31) ) -> 45667 | R83: =IF(C83 < N83, "Before Campaign", IF(AND(C83 >= N83, C83 <= O83), "During Campaign", "After Campaign")) -> Before Campaign | S83: =F83 + G83 + H83 -> 1241 | T83: =(F83 + G83 + H83) / I83 -> 0.085586207
A84: P083 | B84: YouTube | C84: 45580 | D84: Video | E84: Check out our latest video on youtube! | F84: 1094 | G84: 472 | H84: 21 | I84: 9846 | J84: 9609 | K84: 112 | L84: #ThirstyForMore | R84: =IF(C84 < N84, "Before Campaign", IF(AND(C84 >= N84, C84 <= O84), "During Campaign", "After Campaign")) -> After Campaign | S84: =F84 + G84 + H84 -> 1587 | T84: =(F84 + G84 + H84) / I84 -> 0.16118221
A85: P084 | B85: Facebook | C85: 45635 | D85: Image | E85: Check out our latest image on facebook! | F85: 1841 | G85: 851 | H85: 342 | I85: 34979 | J85: 34154 | K85: 255 | L85: #LiveForNow | O85: DailyWellness | P85: =IFS( O85="SummerSplash", DATE(2024,6,15), O85="FestiveRadiance", DATE(2024,10,1), O85="NewYearRefresh", DATE(2024,12,25), O85="DailyWellness", DATE(2025,3,1) ) -> 45717 | Q85: =IFS( O85="SummerSplash", DATE(2024,7,15), O85="FestiveRadiance", DATE(2024,10,31), O85="NewYearRefresh", DATE(2025,1,10), O85="DailyWellness", DATE(2025,3,31) ) -> 45747 | R85: =IF(C85 < N85, "Before Campaign", IF(AND(C85 >= N85, C85 <= O85), "During Campaign", "After Campaign")) -> During Campaign | S85: =F85 + G85 + H85 -> 3034 | T85: =(F85 + G85 + H85) / I85 -> 0.086737757
A86: P085 | B86: Instagram | C86: 45766 | D86: Image | E86: Check out our latest image on instagram! | F86: 4177 | G86: 569 | H86: 55 | I86: 25062 | J86: 24847 | K86: 230 | L86: #LiveForNow | O86: SummerSplash | P86: =IFS( O86="SummerSplash", DATE(2024,6,15), O86="FestiveRadiance", DATE(2024,10,1), O86="NewYearRefresh", DATE(2024,12,25), O86="DailyWellness", DATE(2025,3,1) ) -> 45458 | Q86: =IFS( O86="SummerSplash", DATE(2024,7,15), O86="FestiveRadiance", DATE(2024,10,31), O86="NewYearRefresh", DATE(2025,1,10), O86="DailyWellness", DATE(2025,3,31) ) -> 45488 | R86: =IF(C86 < N86, "Before Campaign", IF(AND(C86 >= N86, C86 <= O86), "During Campaign", "After Campaign")) -> During Campaign | S86: =F86 + G86 + H86 -> 4801 | T86: =(F86 + G86 + H86) / I86 -> 0.19156492
A87: P086 | B87: YouTube | C87: 45684 | D87: Text | E87: Check out our latest text on youtube! | F87: 3428 | G87: 305 | H87: 85 | I87: 58276 | J87: 58052 | K87: 242 | L87: #ThirstyForMore | M87: #BetterWithPepsi | O87: DailyWellness | P87: =IFS( O87="SummerSplash", DATE(2024,6,15), O87="FestiveRadiance", DATE(2024,10,1), O87="NewYearRefresh", DATE(2024,12,25), O87="DailyWellness", DATE(2025,3,1) ) -> 45717 | Q87: =IFS( O87="SummerSplash", DATE(2024,7,15), O87="FestiveRadiance", DATE(2024,10,31), O87="NewYearRefresh", DATE(2025,1,10), O87="DailyWellness", DATE(2025,3,31) ) -> 45747 | R87: =IF(C87 < N87, "Before Campaign", IF(AND(C87 >= N87, C87 <= O87), "During Campaign", "After Campaign")) -> During Campaign | S87: =F87 + G87 + H87 -> 3818 | T87: =(F87 + G87 + H87) / I87 -> 0.065515821
A88: P087 | B88: Twitter | C88: 45449 | D88: Video | E88: Check out our latest video on twitter! | F88: 1436 | G88: 765 | H88: 496 | I88: 12924 | J88: 12701 | K88: 197 | L88: #LiveForNow | O88: NewYearRefresh | P88: =IFS( O88="SummerSplash", DATE(2024,6,15), O88="FestiveRadiance", DATE(2024,10,1), O88="NewYearRefresh", DATE(2024,12,25), O88="DailyWellness", DATE(2025,3,1) ) -> 45651 | Q88: =IFS( O88="SummerSplash", DATE(2024,7,15), O88="FestiveRadiance", DATE(2024,10,31), O88="NewYearRefresh", DATE(2025,1,10), O88="DailyWellness", DATE(2025,3,31) ) -> 45667 | R88: =IF(C88 < N88, "Before Campaign", IF(AND(C88 >= N88, C88 <= O88), "During Campaign", "After Campaign")) -> During Campaign | S88: =F88 + G88 + H88 -> 2697 | T88: =(F88 + G88 + H88) / I88 -> 0.20868152
A89: P088 | B89: Facebook | C89: 45480 | D89: Story | E89: Check out our latest story on facebook! | F89: 302 | G89: 47 | H89: 430 | I89: 5738 | J89: 4890 | K89: 25 | L89: #PepsiCoRefresh | O89: DailyWellness | P89: =IFS( O89="SummerSplash", DATE(2024,6,15), O89="FestiveRadiance", DATE(2024,10,1), O89="NewYearRefresh", DATE(2024,12,25), O89="DailyWellness", DATE(2025,3,1) ) -> 45717 | Q89: =IFS( O89="SummerSplash", DATE(2024,7,15), O89="FestiveRadiance", DATE(2024,10,31), O89="NewYearRefresh", DATE(2025,1,10), O89="DailyWellness", DATE(2025,3,31) ) -> 45747 | R89: =IF(C89 < N89, "Before Campaign", IF(AND(C89 >= N89, C89 <= O89), "During Campaign", "After Campaign")) -> During Campaign | S89: =F89 + G89 + H89 -> 779 | T89: =(F89 + G89 + H89) / I89 -> 0.13576159
A90: P089 | B90: Twitter | C90: 45667 | D90: Image | E90: Check out our latest image on twitter! | F90: 2214 | G90: 249 | H90: 152 | I90: 15498 | J90: 14800 | K90: 180 | L90: #ThirstyForMore | R90: =IF(C90 < N90, "Before Campaign", IF(AND(C90 >= N90, C90 <= O90), "During Campaign", "After Campaign")) -> After Campaign | S90: =F90 + G90 + H90 -> 2615 | T90: =(F90 + G90 + H90) / I90 -> 0.16873145
A91: P090 | B91: Instagram | C91: 45446 | D91: Image | E91: Check out our latest image on instagram! | F91: 3861 | G91: 960 | H91: 101 | I91: 69498 | J91: 68817 | K91: 297 | L91: #PepsiCoRefresh | O91: DailyWellness | P91: =IFS( O91="SummerSplash", DATE(2024,6,15), O91="FestiveRadiance", DATE(2024,10,1), O91="NewYearRefresh", DATE(2024,12,25), O91="DailyWellness", DATE(2025,3,1) ) -> 45717 | Q91: =IFS( O91="SummerSplash", DATE(2024,7,15), O91="FestiveRadiance", DATE(2024,10,31), O91="NewYearRefresh", DATE(2025,1,10), O91="DailyWellness", DATE(2025,3,31) ) -> 45747 | R91: =IF(C91 < N91, "Before Campaign", IF(AND(C91 >= N91, C91 <= O91), "During Campaign", "After Campaign")) -> During Campaign | S91: =F91 + G91 + H91 -> 4922 | T91: =(F91 + G91 + H91) / I91 -> 0.070822182
A92: P091 | B92: Facebook | C92: 45740 | D92: Image | E92: Check out our latest image on facebook! | F92: 1263 | G92: 397 | H92: 357 | I92: 25260 | J92: 24615 | K92: 137 | L92: #ThirstyForMore | O92: DailyWellness | P92: =IFS( O92="SummerSplash", DATE(2024,6,15), O92="FestiveRadiance", DATE(2024,10,1), O92="NewYearRefresh", DATE(2024,12,25), O92="DailyWellness", DATE(2025,3,1) ) -> 45717 | Q92: =IFS( O92="SummerSplash", DATE(2024,7,15), O92="FestiveRadiance", DATE(2024,10,31), O92="NewYearRefresh", DATE(2025,1,10), O92="DailyWellness", DATE(2025,3,31) ) -> 45747 | R92: =IF(C92 < N92, "Before Campaign", IF(AND(C92 >= N92, C92 <= O92), "During Campaign", "After Campaign")) -> During Campaign | S92: =F92 + G92 + H92 -> 2017 | T92: =(F92 + G92 + H92) / I92 -> 0.079849565
A93: P092 | B93: Twitter | C93: 45586 | D93: Story | E93: Check out our latest story on twitter! | F93: 3801 | G93: 967 | H93: 401 | I93: 38010 | J93: 37625 | K93: 236 | L93: #LiveForNow | O93: NewYearRefresh | P93: =IFS( O93="SummerSplash", DATE(2024,6,15), O93="FestiveRadiance", DATE(2024,10,1), O93="NewYearRefresh", DATE(2024,12,25), O93="DailyWellness", DATE(2025,3,1) ) -> 45651 | Q93: =IFS( O93="SummerSplash", DATE(2024,7,15), O93="FestiveRadiance", DATE(2024,10,31), O93="NewYearRefresh", DATE(2025,1,10), O93="DailyWellness", DATE(2025,3,31) ) -> 45667 | R93: =IF(C93 < N93, "Before Campaign", IF(AND(C93 >= N93, C93 <= O93), "During Campaign", "After Campaign")) -> During Campaign | S93: =F93 + G93 + H93 -> 5169 | T93: =(F93 + G93 + H93) / I93 -> 0.13599053
A94: P093 | B94: Instagram | C94: 45637 | D94: Video | E94: Check out our latest video on instagram! | F94: 1431 | G94: 951 | H94: 26 | I94: 8586 | J94: 8396 | K94: 150 | L94: #ThirstyForMore | O94: NewYearRefresh | P94: =IFS( O94="SummerSplash", DATE(2024,6,15), O94="FestiveRadiance", DATE(2024,10,1), O94="NewYearRefresh", DATE(2024,12,25), O94="DailyWellness", DATE(2025,3,1) ) -> 45651 | Q94: =IFS( O94="SummerSplash", DATE(2024,7,15), O94="FestiveRadiance", DATE(2024,10,31), O94="NewYearRefresh", DATE(2025,1,10), O94="DailyWellness", DATE(2025,3,31) ) -> 45667 | R94: =IF(C94 < N94, "Before Campaign", IF(AND(C94 >= N94, C94 <= O94), "During Campaign", "After Campaign")) -> During Campaign | S94: =F94 + G94 + H94 -> 2408 | T94: =(F94 + G94 + H94) / I94 -> 0.28045656
A95: P094 | B95: Instagram | C95: 45603 | D95: Image | E95: Check out our latest image on instagram! | F95: 2647 | G95: 304 | H95: 170 | I95: 18529 | J95: 17841 | K95: 46 | L95: #LiveForNow | O95: NewYearRefresh | P95: =IFS( O95="SummerSplash", DATE(2024,6,15), O95="FestiveRadiance", DATE(2024,10,1), O95="NewYearRefresh", DATE(2024,12,25), O95="DailyWellness", DATE(2025,3,1) ) -> 45651 | Q95: =IFS( O95="SummerSplash", DATE(2024,7,15), O95="FestiveRadiance", DATE(2024,10,31), O95="NewYearRefresh", DATE(2025,1,10), O95="DailyWellness", DATE(2025,3,31) ) -> 45667 | R95: =IF(C95 < N95, "Before Campaign", IF(AND(C95 >= N95, C95 <= O95), "During Campaign", "After Campaign")) -> During Campaign | S95: =F95 + G95 + H95 -> 3121 | T95: =(F95 + G95 + H95) / I95 -> 0.16843866
A96: P095 | B96: Instagram | C96: 45604 | D96: Text | E96: Check out our latest text on instagram! | F96: 3182 | G96: 559 | H96: 160 | I96: 57276 | J96: 56890 | K96: 163 | L96: #LiveForNow | O96: DailyWellness | P96: =IFS( O96="SummerSplash", DATE(2024,6,15), O96="FestiveRadiance", DATE(2024,10,1), O96="NewYearRefresh", DATE(2024,12,25), O96="DailyWellness", DATE(2025,3,1) ) -> 45717 | Q96: =IFS( O96="SummerSplash", DATE(2024,7,15), O96="FestiveRadiance", DATE(2024,10,31), O96="NewYearRefresh", DATE(2025,1,10), O96="DailyWellness", DATE(2025,3,31) ) -> 45747 | R96: =IF(C96 < N96, "Before Campaign", IF(AND(C96 >= N96, C96 <= O96), "During Campaign", "After Campaign")) -> During Campaign | S96: =F96 + G96 + H96 -> 3901 | T96: =(F96 + G96 + H96) / I96 -> 0.068108806
A97: P096 | B97: Twitter | C97: 45545 | D97: Image | E97: Check out our latest image on twitter! | F97: 1238 | G97: 366 | H97: 444 | I97: 19808 | J97: 19334 | K97: 123 | L97: #LiveForNow | R97: =IF(C97 < N97, "Before Campaign", IF(AND(C97 >= N97, C97 <= O97), "During Campaign", "After Campaign")) -> After Campaign | S97: =F97 + G97 + H97 -> 2048 | T97: =(F97 + G97 + H97) / I97 -> 0.10339257
A98: P097 | B98: Instagram | C98: 45517 | D98: Image | E98: Check out our latest image on instagram! | F98: 4739 | G98: 527 | H98: 135 | I98: 61607 | J98: 61333 | K98: 36 | L98: #PepsiCoRefresh | M98: #AnytimeIsPepsiTime | O98: FestiveRadiance | P98: =IFS( O98="SummerSplash", DATE(2024,6,15), O98="FestiveRadiance", DATE(2024,10,1), O98="NewYearRefresh", DATE(2024,12,25), O98="DailyWellness", DATE(2025,3,1) ) -> 45566 | Q98: =IFS( O98="SummerSplash", DATE(2024,7,15), O98="FestiveRadiance", DATE(2024,10,31), O98="NewYearRefresh", DATE(2025,1,10), O98="DailyWellness", DATE(2025,3,31) ) -> 45596 | R98: =IF(C98 < N98, "Before Campaign", IF(AND(C98 >= N98, C98 <= O98), "During Campaign", "After Campaign")) -> During Campaign | S98: =F98 + G98 + H98 -> 5401 | T98: =(F98 + G98 + H98) / I98 -> 0.087668609
A99: P098 | B99: Twitter | C99: 45453 | D99: Story | E99: Check out our latest story on twitter! | F99: 1575 | G99: 771 | H99: 486 | I99: 25200 | J99: 24826 | K99: 17 | L99: #LiveForNow | O99: DailyWellness | P99: =IFS( O99="SummerSplash", DATE(2024,6,15), O99="FestiveRadiance", DATE(2024,10,1), O99="NewYearRefresh", DATE(2024,12,25), O99="DailyWellness", DATE(2025,3,1) ) -> 45717 | Q99: =IFS( O99="SummerSplash", DATE(2024,7,15), O99="FestiveRadiance", DATE(2024,10,31), O99="NewYearRefresh", DATE(2025,1,10), O99="DailyWellness", DATE(2025,3,31) ) -> 45747 | R99: =IF(C99 < N99, "Before Campaign", IF(AND(C99 >= N99, C99 <= O99), "During Campaign", "After Campaign")) -> During Campaign | S99: =F99 + G99 + H99 -> 2832 | T99: =(F99 + G99 + H99) / I99 -> 0.11238095
A100: P099 | B100: YouTube | C100: 45475 | D100: Carousel | E100: Check out our latest carousel on youtube! | F100: 4171 | G100: 548 | H100: 86 | I100: 66736 | J100: 66634 | K100: 173 | L100: #LiveForNow | O100: NewYearRefresh | P100: =IFS( O100="SummerSplash", DATE(2024,6,15), O100="FestiveRadiance", DATE(2024,10,1), O100="NewYearRefresh", DATE(2024,12,25), O100="DailyWellness", DATE(2025,3,1) ) -> 45651 | Q100: =IFS( O100="SummerSplash", DATE(2024,7,15), O100="FestiveRadiance", DATE(2024,10,31), O100="NewYearRefresh", DATE(2025,1,10), O100="DailyWellness", DATE(2025,3,31) ) -> 45667 | R100: =IF(C100 < N100, "Before Campaign", IF(AND(C100 >= N100, C100 <= O100), "During Campaign", "After Campaign")) -> During Campaign | S100: =F100 + G100 + H100 -> 4805 | T100: =(F100 + G100 + H100) / I100 -> 0.07200012
...

Sheet Task5-1 Pivot table 2
A1: Campaign_Name | B1: Campaign_Period | C1: AVERAGE of Likes | D1: AVERAGE of Comments | E1: AVERAGE of Shares | F1: AVERAGE of Clicks | G1: AVERAGE of Impressions | H1: SUM of Likes | I1: SUM of Shares | J1: SUM of Comments | K1: SUM of Clicks | L1: SUM of Impressions
B2: After Campaign | C2: 2658.1818 | D2: 238.27273 | E2: 459.70909 | F2: 147.83636 | G2: 32635.782 | H2: 146200 | I2: 25284 | J2: 13105 | K2: 8131 | L2: 1794968
B3: Before Campaign | C3: 3960 | D3: 8 | E3: 266 | F3: 208 | G3: 35640 | H3: 3960 | I3: 266 | J3: 8 | K3: 208 | L3: 35640
A4: Total | C4: 2681.4286 | D4: 234.16071 | E4: 456.25 | F4: 148.91071 | G4: 32689.429 | H4: 150160 | I4: 25550 | J4: 13113 | K4: 8339 | L4: 1830608
A5: DailyWellness | B5: Before Campaign | C5: 2594.5 | D5: 315.5 | E5: 572 | F5: 193 | G5: 38003.5 | H5: 5189 | I5: 1144 | J5: 631 | K5: 386 | L5: 76007
B6: During Campaign | C6: 2648.1159 | D6: 247.57971 | E6: 488.63768 | F6: 149.31884 | G6: 34621.116 | H6: 182720 | I6: 33716 | J6: 17083 | K6: 10303 | L6: 2388857
A7: DailyWellness Total | C7: 2646.6056 | D7: 249.49296 | E7: 490.98592 | F7: 150.5493 | G7: 34716.394 | H7: 187909 | I7: 34860 | J7: 17714 | K7: 10689 | L7: 2464864
A8: FestiveRadiance | B8: Before Campaign | C8: 2099.6667 | D8: 267.33333 | E8: 353.33333 | F8: 151.33333 | G8: 25875.333 | H8: 6299 | I8: 1060 | J8: 802 | K8: 454 | L8: 77626
B9: During Campaign | C9: 2790.6182 | D9: 265.47273 | E9: 463.50909 | F9: 171.23636 | G9: 34704.182 | H9: 153484 | I9: 25493 | J9: 14601 | K9: 9418 | L9: 1908730
A10: FestiveRadiance Total | C10: 2754.8793 | D10: 265.56897 | E10: 457.81034 | F10: 170.2069 | G10: 34247.517 | H10: 159783 | I10: 26553 | J10: 15403 | K10: 9872 | L10: 1986356
A11: NewYearRefresh | B11: Before Campaign | C11: 1722.5 | D11: 258 | E11: 506 | F11: 109.75 | G11: 25905.5 | H11: 6890 | I11: 2024 | J11: 1032 | K11: 439 | L11: 103622
B12: During Campaign | C12: 2800.8889 | D12: 246.57143 | E12: 490.2381 | F12: 152.26984 | G12: 34324.302 | H12: 176456 | I12: 30885 | J12: 15534 | K12: 9593 | L12: 2162431
A13: NewYearRefresh Total | C13: 2736.5075 | D13: 247.25373 | E13: 491.1791 | F13: 149.73134 | G13: 33821.687 | H13: 183346 | I13: 32909 | J13: 16566 | K13: 10032 | L13: 2266053
A14: SummerSplash | B14: Before Campaign | C14: 4494 | D14: 45 | E14: 717 | F14: 191 | G14: 62916 | H14: 4494 | I14: 717 | J14: 45 | K14: 191 | L14: 62916
B15: During Campaign | C15: 2857.4255 | D15: 255.53191 | E15: 475.23404 | F15: 132.82979 | G15: 37943.745 | H15: 134299 | I15: 22336 | J15: 12010 | K15: 6243 | L15: 1783356
A16: SummerSplash Total | C16: 2891.5208 | D16: 251.14583 | E16: 480.27083 | F16: 134.04167 | G16: 38464 | H16: 138793 | I16: 23053 | J16: 12055 | K16: 6434 | L16: 1846272
A17: Grand Total | C17: 2733.3033 | D17: 249.50333 | E17: 476.41667 | F17: 151.22 | G17: 34647.177 | H17: 819991 | I17: 142925 | J17: 74851 | K17: 45366 | L17: 10394153

Sheet Task5-1 pivot Tbale 3
A1: Campaign_Name | B1: SUM of Impressions | C1: SUM of Likes | D1: SUM of Clicks | E1: AVERAGE of Likes | F1: AVERAGE of Impressions | G1: AVERAGE of Clicks
B2: 1830608 | C2: 150160 | D2: 8339 | E2: 2681.4286 | F2: 32689.429 | G2: 148.91071
A3: DailyWellness | B3: 2464864 | C3: 187909 | D3: 10689 | E3: 2646.6056 | F3: 34716.394 | G3: 150.5493
A4: FestiveRadiance | B4: 1986356 | C4: 159783 | D4: 9872 | E4: 2754.8793 | F4: 34247.517 | G4: 170.2069
A5: NewYearRefresh | B5: 2266053 | C5: 183346 | D5: 10032 | E5: 2736.5075 | F5: 33821.687 | G5: 149.73134
A6: SummerSplash | B6: 1846272 | C6: 138793 | D6: 6434 | E6: 2891.5208 | F6: 38464 | G6: 134.04167
A7: Grand Total | B7: 10394153 | C7: 819991 | D7: 45366 | E7: 2733.3033 | F7: 34647.177 | G7: 151.22
A11: Campaign_Name | B11: SUM of Likes | C11: SUM of Shares | D11: SUM of Comments | E11: SUM of Clicks | F11: Total Engagement | G11: Budgets | H11: ROI
B12: 150160 | C12: 25550 | D12: 13113 | E12: 8339 | F12: =B12 + C12 + D12 + E12 -> 197162
A13: DailyWellness | B13: 187909 | C13: 34860 | D13: 17714 | E13: 10689 | F13: =B13 + C13 + D13 + E13 -> 251172 | G13: 180000 | H13: =F13 / G13 -> 1.3954
A14: FestiveRadiance | B14: 159783 | C14: 26553 | D14: 15403 | E14: 9872 | F14: =B14 + C14 + D14 + E14 -> 211611 | G14: 200000 | H14: =F14 / G14 -> 1.058055
A15: NewYearRefresh | B15: 183346 | C15: 32909 | D15: 16566 | E15: 10032 | F15: =B15 + C15 + D15 + E15 -> 242853 | G15: 250000 | H15: =F15 / G15 -> 0.971412
A16: SummerSplash | B16: 138793 | C16: 23053 | D16: 12055 | E16: 6434 | F16: =B16 + C16 + D16 + E16 -> 180335 | G16: 150000 | H16: =F16 / G16 -> 1.2022333
A17: Grand Total | B17: 819991 | C17: 142925 | D17: 74851 | E17: 45366 | F17: =B17 + C17 + D17 + E17 -> 1083133
I23: DailyWellness achieved the highest ROI at 1.3954, meaning it generated the most engagement per unit of budget spent, making it the most cost-effective campaign. It also recorded the highest total engagement (251,172) among all campaigns, showing strong audience interest. In terms of follower growth impact, DailyWellness again stands out due to its high clicks (10,689) and overall engagement, which are strong indicators of audience conversion and retention. NewYearRefresh came close in total engagement (242,853) but had a lower ROI (0.97), indicating slightly lower cost efficiency. SummerSplash showed a solid ROI (1.20) despite having lower engagement than the top campaigns, making it another strong performer from a cost-effectiveness perspective.

Sheet Task5-2
A1: Week_Start_Date | B1: Platform | C1: New_Followers | D1: Unfollows | E1: Total_Followers | F1: Engagement_Rate | G1: Ad_Spend | H1: Campaign_Name | I1: Campaign_Period
A2: 45446 | B2: Instagram | C2: 1135 | D2: 88 | E2: 344084 | F2: 8.06 | G2: 5904 | H2: =IF(AND(A2>=DATE(2024,6,15),A2<=DATE(2024,7,15)),"SummerSplash", IF(AND(A2>=DATE(2024,10,1),A2<=DATE(2024,10,31)),"FestiveRadiance", IF(AND(A2>=DATE(2024,12,25),A2<=DATE(2025,1,10)),"NewYearRefresh", IF(AND(A2>=DATE(2025,3,1),A2<=DATE(2025,3,31)),"DailyWellness", "No Campaign")))) -> No Campaign | I2: =IF( A2 < MIN(DATE(2024,6,15), DATE(2024,10,1), DATE(2024,12,25), DATE(2025,3,1)), "Before Campaign", IF( OR( AND(A2>=DATE(2024,6,15), A2<=DATE(2024,7,15)), AND(A2>=DATE(2024,10,1), A2<=DATE(2024,10,31)), AND(A2>=DATE(2024,12,25), A2<=DATE(2025,1,10)), AND(A2>=DATE(2025,3,1), A2<=DATE(2025,3,31)) ), "During Campaign", IF( A2 > MAX(DATE(2024,7,15), DATE(2024,10,31), DATE(2025,1,10), DATE(2025,3,31)), "After Campaign", "No Campaign" ) ) ) -> Before Campaign
A3: 45446 | B3: Facebook | C3: 1312 | D3: 310 | E3: 42654 | F3: 4.98 | G3: 9566 | H3: =IF(AND(A3>=DATE(2024,6,15),A3<=DATE(2024,7,15)),"SummerSplash", IF(AND(A3>=DATE(2024,10,1),A3<=DATE(2024,10,31)),"FestiveRadiance", IF(AND(A3>=DATE(2024,12,25),A3<=DATE(2025,1,10)),"NewYearRefresh", IF(AND(A3>=DATE(2025,3,1),A3<=DATE(2025,3,31)),"DailyWellness", "No Campaign")))) -> No Campaign | I3: =IF( A3 < MIN(DATE(2024,6,15), DATE(2024,10,1), DATE(2024,12,25), DATE(2025,3,1)), "Before Campaign", IF( OR( AND(A3>=DATE(2024,6,15), A3<=DATE(2024,7,15)), AND(A3>=DATE(2024,10,1), A3<=DATE(2024,10,31)), AND(A3>=DATE(2024,12,25), A3<=DATE(2025,1,10)), AND(A3>=DATE(2025,3,1), A3<=DATE(2025,3,31)) ), "During Campaign", IF( A3 > MAX(DATE(2024,7,15), DATE(2024,10,31), DATE(2025,1,10), DATE(2025,3,31)), "After Campaign", "No Campaign" ) ) ) -> Before Campaign
A4: 45446 | B4: Twitter | C4: 584 | D4: 169 | E4: 146834 | F4: 8.31 | G4: 26752 | H4: =IF(AND(A4>=DATE(2024,6,15),A4<=DATE(2024,7,15)),"SummerSplash", IF(AND(A4>=DATE(2024,10,1),A4<=DATE(2024,10,31)),"FestiveRadiance", IF(AND(A4>=DATE(2024,12,25),A4<=DATE(2025,1,10)),"NewYearRefresh", IF(AND(A4>=DATE(2025,3,1),A4<=DATE(2025,3,31)),"DailyWellness", "No Campaign")))) -> No Campaign | I4: =IF( A4 < MIN(DATE(2024,6,15), DATE(2024,10,1), DATE(2024,12,25), DATE(2025,3,1)), "Before Campaign", IF( OR( AND(A4>=DATE(2024,6,15), A4<=DATE(2024,7,15)), AND(A4>=DATE(2024,10,1), A4<=DATE(2024,10,31)), AND(A4>=DATE(2024,12,25), A4<=DATE(2025,1,10)), AND(A4>=DATE(2025,3,1), A4<=DATE(2025,3,31)) ), "During Campaign", IF( A4 > MAX(DATE(2024,7,15), DATE(2024,10,31), DATE(2025,1,10), DATE(2025,3,31)), "After Campaign", "No Campaign" ) ) ) -> Before Campaign
A5: 45446 | B5: YouTube | C5: 1535 | D5: 445 | E5: 395536 | F5: 4.11 | G5: 30671 | H5: =IF(AND(A5>=DATE(2024,6,15),A5<=DATE(2024,7,15)),"SummerSplash", IF(AND(A5>=DATE(2024,10,1),A5<=DATE(2024,10,31)),"FestiveRadiance", IF(AND(A5>=DATE(2024,12,25),A5<=DATE(2025,1,10)),"NewYearRefresh", IF(AND(A5>=DATE(2025,3,1),A5<=DATE(2025,3,31)),"DailyWellness", "No Campaign")))) -> No Campaign | I5: =IF( A5 < MIN(DATE(2024,6,15), DATE(2024,10,1), DATE(2024,12,25), DATE(2025,3,1)), "Before Campaign", IF( OR( AND(A5>=DATE(2024,6,15), A5<=DATE(2024,7,15)), AND(A5>=DATE(2024,10,1), A5<=DATE(2024,10,31)), AND(A5>=DATE(2024,12,25), A5<=DATE(2025,1,10)), AND(A5>=DATE(2025,3,1), A5<=DATE(2025,3,31)) ), "During Campaign", IF( A5 > MAX(DATE(2024,7,15), DATE(2024,10,31), DATE(2025,1,10), DATE(2025,3,31)), "After Campaign", "No Campaign" ) ) ) -> Before Campaign
A6: 45453 | B6: Instagram | C6: 656 | D6: 139 | E6: 49157 | F6: 9.05 | G6: 9920 | H6: =IF(AND(A6>=DATE(2024,6,15),A6<=DATE(2024,7,15)),"SummerSplash", IF(AND(A6>=DATE(2024,10,1),A6<=DATE(2024,10,31)),"FestiveRadiance", IF(AND(A6>=DATE(2024,12,25),A6<=DATE(2025,1,10)),"NewYearRefresh", IF(AND(A6>=DATE(2025,3,1),A6<=DATE(2025,3,31)),"DailyWellness", "No Campaign")))) -> No Campaign | I6: =IF( A6 < MIN(DATE(2024,6,15), DATE(2024,10,1), DATE(2024,12,25), DATE(2025,3,1)), "Before Campaign", IF( OR( AND(A6>=DATE(2024,6,15), A6<=DATE(2024,7,15)), AND(A6>=DATE(2024,10,1), A6<=DATE(2024,10,31)), AND(A6>=DATE(2024,12,25), A6<=DATE(2025,1,10)), AND(A6>=DATE(2025,3,1), A6<=DATE(2025,3,31)) ), "During Campaign", IF( A6 > MAX(DATE(2024,7,15), DATE(2024,10,31), DATE(2025,1,10), DATE(2025,3,31)), "After Campaign", "No Campaign" ) ) ) -> Before Campaign
A7: 45453 | B7: Facebook | C7: 1697 | D7: 414 | E7: 316555 | F7: 2.37 | G7: 7924 | H7: =IF(AND(A7>=DATE(2024,6,15),A7<=DATE(2024,7,15)),"SummerSplash", IF(AND(A7>=DATE(2024,10,1),A7<=DATE(2024,10,31)),"FestiveRadiance", IF(AND(A7>=DATE(2024,12,25),A7<=DATE(2025,1,10)),"NewYearRefresh", IF(AND(A7>=DATE(2025,3,1),A7<=DATE(2025,3,31)),"DailyWellness", "No Campaign")))) -> No Campaign | I7: =IF( A7 < MIN(DATE(2024,6,15), DATE(2024,10,1), DATE(2024,12,25), DATE(2025,3,1)), "Before Campaign", IF( OR( AND(A7>=DATE(2024,6,15), A7<=DATE(2024,7,15)), AND(A7>=DATE(2024,10,1), A7<=DATE(2024,10,31)), AND(A7>=DATE(2024,12,25), A7<=DATE(2025,1,10)), AND(A7>=DATE(2025,3,1), A7<=DATE(2025,3,31)) ), "During Campaign", IF( A7 > MAX(DATE(2024,7,15), DATE(2024,10,31), DATE(2025,1,10), DATE(2025,3,31)), "After Campaign", "No Campaign" ) ) ) -> Before Campaign
A8: 45453 | B8: Twitter | C8: 436 | D8: 250 | E8: 254347 | F8: 4.01 | G8: 8912 | H8: =IF(AND(A8>=DATE(2024,6,15),A8<=DATE(2024,7,15)),"SummerSplash", IF(AND(A8>=DATE(2024,10,1),A8<=DATE(2024,10,31)),"FestiveRadiance", IF(AND(A8>=DATE(2024,12,25),A8<=DATE(2025,1,10)),"NewYearRefresh", IF(AND(A8>=DATE(2025,3,1),A8<=DATE(2025,3,31)),"DailyWellness", "No Campaign")))) -> No Campaign | I8: =IF( A8 < MIN(DATE(2024,6,15), DATE(2024,10,1), DATE(2024,12,25), DATE(2025,3,1)), "Before Campaign", IF( OR( AND(A8>=DATE(2024,6,15), A8<=DATE(2024,7,15)), AND(A8>=DATE(2024,10,1), A8<=DATE(2024,10,31)), AND(A8>=DATE(2024,12,25), A8<=DATE(2025,1,10)), AND(A8>=DATE(2025,3,1), A8<=DATE(2025,3,31)) ), "During Campaign", IF( A8 > MAX(DATE(2024,7,15), DATE(2024,10,31), DATE(2025,1,10), DATE(2025,3,31)), "After Campaign", "No Campaign" ) ) ) -> Before Campaign
A9: 45453 | B9: YouTube | C9: 1197 | D9: 203 | E9: 413878 | F9: 3.16 | G9: 21205 | H9: =IF(AND(A9>=DATE(2024,6,15),A9<=DATE(2024,7,15)),"SummerSplash", IF(AND(A9>=DATE(2024,10,1),A9<=DATE(2024,10,31)),"FestiveRadiance", IF(AND(A9>=DATE(2024,12,25),A9<=DATE(2025,1,10)),"NewYearRefresh", IF(AND(A9>=DATE(2025,3,1),A9<=DATE(2025,3,31)),"DailyWellness", "No Campaign")))) -> No Campaign | I9: =IF( A9 < MIN(DATE(2024,6,15), DATE(2024,10,1), DATE(2024,12,25), DATE(2025,3,1)), "Before Campaign", IF( OR( AND(A9>=DATE(2024,6,15), A9<=DATE(2024,7,15)), AND(A9>=DATE(2024,10,1), A9<=DATE(2024,10,31)), AND(A9>=DATE(2024,12,25), A9<=DATE(2025,1,10)), AND(A9>=DATE(2025,3,1), A9<=DATE(2025,3,31)) ), "During Campaign", IF( A9 > MAX(DATE(2024,7,15), DATE(2024,10,31), DATE(2025,1,10), DATE(2025,3,31)), "After Campaign", "No Campaign" ) ) ) -> Before Campaign
A10: 45460 | B10: Instagram | C10: 1048 | D10: 155 | E10: 456946 | F10: 2.46 | G10: 11329 | H10: =IF(AND(A10>=DATE(2024,6,15),A10<=DATE(2024,7,15)),"SummerSplash", IF(AND(A10>=DATE(2024,10,1),A10<=DATE(2024,10,31)),"FestiveRadiance", IF(AND(A10>=DATE(2024,12,25),A10<=DATE(2025,1,10)),"NewYearRefresh", IF(AND(A10>=DATE(2025,3,1),A10<=DATE(2025,3,31)),"DailyWellness", "No Campaign")))) -> SummerSplash | I10: =IF( A10 < MIN(DATE(2024,6,15), DATE(2024,10,1), DATE(2024,12,25), DATE(2025,3,1)), "Before Campaign", IF( OR( AND(A10>=DATE(2024,6,15), A10<=DATE(2024,7,15)), AND(A10>=DATE(2024,10,1), A10<=DATE(2024,10,31)), AND(A10>=DATE(2024,12,25), A10<=DATE(2025,1,10)), AND(A10>=DATE(2025,3,1), A10<=DATE(2025,3,31)) ), "During Campaign", IF( A10 > MAX(DATE(2024,7,15), DATE(2024,10,31), DATE(2025,1,10), DATE(2025,3,31)), "After Campaign", "No Campaign" ) ) ) -> During Campaign
A11: 45460 | B11: Facebook | C11: 1753 | D11: 371 | E11: 169496 | F11: 8.11 | G11: 46670 | H11: =IF(AND(A11>=DATE(2024,6,15),A11<=DATE(2024,7,15)),"SummerSplash", IF(AND(A11>=DATE(2024,10,1),A11<=DATE(2024,10,31)),"FestiveRadiance", IF(AND(A11>=DATE(2024,12,25),A11<=DATE(2025,1,10)),"NewYearRefresh", IF(AND(A11>=DATE(2025,3,1),A11<=DATE(2025,3,31)),"DailyWellness", "No Campaign")))) -> SummerSplash | I11: =IF( A11 < MIN(DATE(2024,6,15), DATE(2024,10,1), DATE(2024,12,25), DATE(2025,3,1)), "Before Campaign", IF( OR( AND(A11>=DATE(2024,6,15), A11<=DATE(2024,7,15)), AND(A11>=DATE(2024,10,1), A11<=DATE(2024,10,31)), AND(A11>=DATE(2024,12,25), A11<=DATE(2025,1,10)), AND(A11>=DATE(2025,3,1), A11<=DATE(2025,3,31)) ), "During Campaign", IF( A11 > MAX(DATE(2024,7,15), DATE(2024,10,31), DATE(2025,1,10), DATE(2025,3,31)), "After Campaign", "No Campaign" ) ) ) -> During Campaign
A12: 45460 | B12: Twitter | C12: 1335 | D12: 40 | E12: 122732 | F12: 8.19 | G12: 22482 | H12: =IF(AND(A12>=DATE(2024,6,15),A12<=DATE(2024,7,15)),"SummerSplash", IF(AND(A12>=DATE(2024,10,1),A12<=DATE(2024,10,31)),"FestiveRadiance", IF(AND(A12>=DATE(2024,12,25),A12<=DATE(2025,1,10)),"NewYearRefresh", IF(AND(A12>=DATE(2025,3,1),A12<=DATE(2025,3,31)),"DailyWellness", "No Campaign")))) -> SummerSplash | I12: =IF( A12 < MIN(DATE(2024,6,15), DATE(2024,10,1), DATE(2024,12,25), DATE(2025,3,1)), "Before Campaign", IF( OR( AND(A12>=DATE(2024,6,15), A12<=DATE(2024,7,15)), AND(A12>=DATE(2024,10,1), A12<=DATE(2024,10,31)), AND(A12>=DATE(2024,12,25), A12<=DATE(2025,1,10)), AND(A12>=DATE(2025,3,1), A12<=DATE(2025,3,31)) ), "During Campaign", IF( A12 > MAX(DATE(2024,7,15), DATE(2024,10,31), DATE(2025,1,10), DATE(2025,3,31)), "After Campaign", "No Campaign" ) ) ) -> During Campaign
